Date,Exercise,Reps,Weight(kg),Duration(s),Distance(m),Incline,Resistance,isWarmup,Note,multiplier
2023-04-28 11:01:45 +0000,Rowing,0,0,157,448,0,0,FALSE,,0
2023-04-28 11:01:45 +0000,Deadlift,10,43.0913264,0,0,0,0,TRUE,,1
2023-04-28 11:01:45 +0000,Deadlift,5,61.23504277,0,0,0,0,TRUE,,1
2023-04-28 11:01:45 +0000,Deadlift,3,95.25451098,0,0,0,0,TRUE,,1
2023-04-28 11:01:45 +0000,Deadlift,3,102.0584046,0,0,0,0,FALSE,,1
2023-04-28 11:01:45 +0000,Deadlift,3,102.0584046,0,0,0,0,FALSE,,1
2023-04-28 11:01:45 +0000,Front Squat,10,20.41168092,0,0,0,0,TRUE,,1
2023-04-28 11:01:45 +0000,Front Squat,5,43.0913264,0,0,0,0,TRUE,,1
2023-04-28 11:01:45 +0000,Front Squat,3,52.16318459,0,0,0,0,FALSE,,1
2023-04-28 11:01:45 +0000,Front Squat,3,52.16318459,0,0,0,0,FALSE,,1
2023-04-28 11:01:45 +0000,Machine Leg Press,5,183.7051283,0,0,0,0,FALSE,,1
2023-04-28 11:01:45 +0000,Machine Leg Press,5,183.7051283,0,0,0,0,FALSE,,1
2023-04-28 11:01:45 +0000,Calf Press,3,183.7051283,0,0,0,0,FALSE,,1
2023-04-28 11:01:45 +0000,Calf Press,3,183.7051283,0,0,0,0,FALSE,,1
2023-04-28 11:01:45 +0000,Single Leg Cable Kickback,3,15.87575183,0,0,0,0,TRUE,,2
2023-04-27 10:57:11 +0000,Barbell Bench Press,10,20.41168092,0,0,0,0,TRUE,,1
2023-04-27 10:57:11 +0000,Barbell Bench Press,8,40.82336185,0,0,0,0,TRUE,,1
2023-04-27 10:57:11 +0000,Barbell Bench Press,5,72.57486551,0,0,0,0,FALSE,,1
2023-04-27 10:57:11 +0000,Barbell Bench Press,5,72.57486551,0,0,0,0,FALSE,,1
2023-04-27 10:57:11 +0000,Barbell Bench Press,5,72.57486551,0,0,0,0,FALSE,,1
2023-04-27 10:57:11 +0000,Single Arm Lat Pulldown,6,27.21557457,0,0,0,0,FALSE,,2
2023-04-26 11:33:26 +0000,Back Squat,6,20.41168092,0,0,0,0,TRUE,,1
2023-04-26 11:33:26 +0000,Back Squat,6,61.23504277,0,0,0,0,TRUE,,1
2023-04-26 11:33:26 +0000,Back Squat,3,102.0584046,0,0,0,0,TRUE,,1
2023-04-26 11:33:26 +0000,Back Squat,3,115.6661919,0,0,0,0,FALSE,,1
2023-04-26 11:33:26 +0000,Back Squat,6,115.6661919,0,0,0,0,FALSE,,1
2023-04-26 11:33:26 +0000,Back Squat,3,115.6661919,0,0,0,0,FALSE,,1
2023-04-26 11:33:26 +0000,Stiff-Legged Deadlift,8,43.0913264,0,0,0,0,TRUE,,1
2023-04-26 11:33:26 +0000,Stiff-Legged Deadlift,6,61.23504277,0,0,0,0,TRUE,,1
2023-04-26 11:33:26 +0000,Stiff-Legged Deadlift,3,92.98654643,0,0,0,0,TRUE,,1
2023-04-26 11:33:26 +0000,Stiff-Legged Deadlift,3,113.3982274,0,0,0,0,FALSE,,1
2023-04-26 11:33:26 +0000,Stiff-Legged Deadlift,3,113.3982274,0,0,0,0,FALSE,,1
2023-04-26 11:33:26 +0000,Barbell Hip Thrust,6,61.23504277,0,0,0,0,TRUE,,1
2023-04-26 11:33:26 +0000,Barbell Hip Thrust,6,102.0584046,0,0,0,0,TRUE,,1
2023-04-26 11:33:26 +0000,Barbell Hip Thrust,3,124.7380501,0,0,0,0,FALSE,,1
2023-04-26 11:33:26 +0000,Barbell Hip Thrust,3,133.8099083,0,0,0,0,FALSE,,1
2023-04-26 11:33:26 +0000,Barbell Hip Thrust,6,133.8099083,0,0,0,0,FALSE,,1
2023-04-26 11:33:26 +0000,Barbell Hip Thrust,6,2.267964547,0,0,0,0,FALSE,,1
2023-04-26 11:33:26 +0000,Seated Leg Curl,6,72.57486551,0,0,0,0,FALSE,,1
2023-04-26 11:33:26 +0000,Seated Leg Curl,6,72.57486551,0,0,0,0,FALSE,,1
2023-04-26 11:33:26 +0000,Seated Leg Curl,6,72.57486551,0,0,0,0,FALSE,,1
2023-04-26 11:33:26 +0000,Seated Leg Curl,6,72.57486551,0,0,0,0,FALSE,,1
2023-04-26 11:33:26 +0000,Seated Leg Curl,6,72.57486551,0,0,0,0,FALSE,,1
2023-04-26 11:33:26 +0000,Leg Extension,6,72.57486551,0,0,0,0,FALSE,,1
2023-04-26 11:33:26 +0000,Leg Extension,6,72.57486551,0,0,0,0,FALSE,,1
2023-04-26 11:33:26 +0000,Leg Extension,6,81.6467237,0,0,0,0,FALSE,,1
2023-04-26 11:33:26 +0000,Leg Extension,6,81.6467237,0,0,0,0,FALSE,,1
2023-04-26 11:33:26 +0000,Leg Extension,8,81.6467237,0,0,0,0,FALSE,,1
2023-04-25 11:08:29 +0000,Barbell Bench Press,6,20.41168092,0,0,0,0,TRUE,,1
2023-04-25 11:08:29 +0000,Barbell Bench Press,6,43.0913264,0,0,0,0,TRUE,,1
2023-04-25 11:08:29 +0000,Barbell Bench Press,3,74.84283006,0,0,0,0,FALSE,,1
2023-04-25 11:08:29 +0000,Barbell Bench Press,3,77.1107946,0,0,0,0,FALSE,,1
2023-04-25 11:08:29 +0000,Barbell Incline Bench Press,6,54.43114913,0,0,0,0,FALSE,,1
2023-04-25 11:08:29 +0000,Barbell Incline Bench Press,7,56.69911368,0,0,0,0,FALSE,,1
2023-04-25 11:08:29 +0000,Inverted Row,5,0,0,0,0,0,FALSE,,1
2023-04-25 11:08:29 +0000,Inverted Row,5,0,0,0,0,0,FALSE,,1
2023-04-25 11:08:29 +0000,Inverted Row,5,0,0,0,0,0,FALSE,,1
2023-04-25 11:08:29 +0000,Bench Dip,6,0,0,0,0,0,FALSE,,1
2023-04-25 11:08:29 +0000,Bench Dip,6,0,0,0,0,0,FALSE,,1
2023-04-25 11:08:29 +0000,Bench Dip,6,0,0,0,0,0,FALSE,,1
2023-04-25 11:08:29 +0000,Wide Grip Lat Pulldown,6,40.82336185,0,0,0,0,TRUE,,1
2023-04-25 11:08:29 +0000,Wide Grip Lat Pulldown,6,65.77097187,0,0,0,0,FALSE,,1
2023-04-25 11:08:29 +0000,Wide Grip Lat Pulldown,3,68.03893642,0,0,0,0,FALSE,,1
2023-04-25 11:08:29 +0000,EZ-Bar Skullcrusher,8,15.87575183,0,0,0,0,TRUE,,1
2023-04-25 11:08:29 +0000,EZ-Bar Skullcrusher,5,27.21557457,0,0,0,0,FALSE,,1
2023-04-25 11:08:29 +0000,EZ-Bar Skullcrusher,5,27.21557457,0,0,0,0,FALSE,,1
2023-04-25 11:08:29 +0000,Hammer Curls,6,15.87575183,0,0,0,0,FALSE,,2
2023-04-25 11:08:29 +0000,Hammer Curls,6,15.87575183,0,0,0,0,FALSE,,2
2023-04-25 11:08:29 +0000,Hammer Curls,6,14.74176956,0,0,0,0,FALSE,,2
2023-04-20 11:07:11 +0000,Reverse Grip Pull Down,8,36.28743275,0,0,0,0,TRUE,,1
2023-04-20 11:07:11 +0000,Reverse Grip Pull Down,6,61.23504277,0,0,0,0,FALSE,,1
2023-04-20 11:07:11 +0000,Reverse Grip Pull Down,6,61.23504277,0,0,0,0,FALSE,,1
2023-04-20 11:07:11 +0000,Reverse Grip Pull Down,5,61.23504277,0,0,0,0,FALSE,,1
2023-04-20 11:07:11 +0000,Cable Row,8,36.28743275,0,0,0,0,TRUE,,1
2023-04-20 11:07:11 +0000,Cable Row,6,68.03893642,0,0,0,0,FALSE,,1
2023-04-20 11:07:11 +0000,Cable Row,6,63.50300732,0,0,0,0,FALSE,,1
2023-04-20 11:07:11 +0000,Cable Row,6,63.50300732,0,0,0,0,FALSE,,1
2023-04-20 11:07:11 +0000,Cable Row,6,63.50300732,0,0,0,0,FALSE,,1
2023-04-20 11:07:11 +0000,Shotgun Row,6,31.75150366,0,0,0,0,FALSE,,2
2023-04-20 11:07:11 +0000,Shotgun Row,6,30.61752139,0,0,0,0,FALSE,,2
2023-04-20 11:07:11 +0000,Shotgun Row,6,29.48353911,0,0,0,0,FALSE,,2
2023-04-20 11:07:11 +0000,Single Arm Landmine Press,6,31.75150366,0,0,0,0,FALSE,,2
2023-04-20 11:07:11 +0000,Single Arm Landmine Press,5,31.75150366,0,0,0,0,FALSE,,2
2023-04-20 11:07:11 +0000,Single Arm Landmine Press,5,31.75150366,0,0,0,0,FALSE,,2
2023-04-20 11:07:11 +0000,Dumbbell Decline Bench Press,6,20.41168092,0,0,0,0,FALSE,,2
2023-04-20 11:07:11 +0000,Dumbbell Decline Bench Press,6,20.41168092,0,0,0,0,FALSE,,2
2023-04-20 11:07:11 +0000,Dumbbell Decline Bench Press,10,20.41168092,0,0,0,0,FALSE,,2
2023-04-20 11:07:11 +0000,Reverse Dumbbell Curl,10,4.535929094,0,0,0,0,TRUE,,2
2023-04-20 11:07:11 +0000,Reverse Dumbbell Curl,5,11.33982274,0,0,0,0,FALSE,,2
2023-04-20 11:07:11 +0000,Reverse Dumbbell Curl,10,9.071858189,0,0,0,0,FALSE,,2
2023-04-18 10:56:47 +0000,Back Squat,10,20.41168092,0,0,0,0,TRUE,,1
2023-04-18 10:56:47 +0000,Back Squat,8,43.0913264,0,0,0,0,TRUE,,1
2023-04-18 10:56:47 +0000,Back Squat,5,83.91468825,0,0,0,0,FALSE,,1
2023-04-18 10:56:47 +0000,Back Squat,5,102.0584046,0,0,0,0,FALSE,,1
2023-04-18 10:56:47 +0000,Back Squat,5,113.3982274,0,0,0,0,FALSE,,1
2023-04-18 10:56:47 +0000,Back Squat,3,113.3982274,0,0,0,0,FALSE,,1
2023-04-18 10:56:47 +0000,Barbell Hip Thrust,5,124.7380501,0,0,0,0,FALSE,,1
2023-04-18 10:56:47 +0000,Barbell Hip Thrust,5,124.7380501,0,0,0,0,FALSE,,1
2023-04-18 10:56:47 +0000,Barbell Hip Thrust,5,124.7380501,0,0,0,0,FALSE,,1
2023-04-18 10:56:47 +0000,Romanian Deadlift,10,43.0913264,0,0,0,0,TRUE,,1
2023-04-18 10:56:47 +0000,Romanian Deadlift,8,61.23504277,0,0,0,0,TRUE,,1
2023-04-18 10:56:47 +0000,Romanian Deadlift,5,83.91468825,0,0,0,0,FALSE,,1
2023-04-18 10:56:47 +0000,Romanian Deadlift,5,92.98654643,0,0,0,0,FALSE,,1
2023-04-18 10:56:47 +0000,Romanian Deadlift,5,104.3263692,0,0,0,0,FALSE,,1
2023-04-18 10:56:47 +0000,Romanian Deadlift,5,104.3263692,0,0,0,0,FALSE,,1
2023-04-18 10:56:47 +0000,Leg Extension,8,72.57486551,0,0,0,0,FALSE,,1
2023-04-18 10:56:47 +0000,Leg Extension,8,72.57486551,0,0,0,0,FALSE,,1
2023-04-18 10:56:47 +0000,Leg Extension,8,72.57486551,0,0,0,0,FALSE,,1
2023-04-18 10:56:47 +0000,Seated Leg Curl,10,63.50300732,0,0,0,0,FALSE,,1
2023-04-18 10:56:47 +0000,Seated Leg Curl,10,63.50300732,0,0,0,0,FALSE,,1
2023-04-18 10:56:47 +0000,Seated Leg Curl,10,63.50300732,0,0,0,0,FALSE,,1
2023-04-17 12:34:45 +0000,Barbell Bench Press,10,20.41168092,0,0,0,0,TRUE,,1
2023-04-17 12:34:45 +0000,Barbell Bench Press,8,43.0913264,0,0,0,0,TRUE,,1
2023-04-17 12:34:45 +0000,Barbell Bench Press,4,72.57486551,0,0,0,0,FALSE,,1
2023-04-17 12:34:45 +0000,Barbell Bench Press,4,72.57486551,0,0,0,0,FALSE,,1
2023-04-17 12:34:45 +0000,Barbell Bench Press,4,72.57486551,0,0,0,0,FALSE,,1
2023-04-17 12:34:45 +0000,Barbell Bench Press,5,72.57486551,0,0,0,0,FALSE,,1
2023-04-17 12:34:45 +0000,Barbell Bench Press,3,72.57486551,0,0,0,0,FALSE,,1
2023-04-17 12:34:45 +0000,Barbell Incline Bench Press,5,52.16318459,0,0,0,0,FALSE,,1
2023-04-17 12:34:45 +0000,Barbell Incline Bench Press,5,52.16318459,0,0,0,0,FALSE,,1
2023-04-17 12:34:45 +0000,Barbell Incline Bench Press,5,52.16318459,0,0,0,0,FALSE,,1
2023-04-17 12:34:45 +0000,Bench Dip,5,0,0,0,0,0,FALSE,,1
2023-04-17 12:34:45 +0000,Bench Dip,5,0,0,0,0,0,FALSE,,1
2023-04-17 12:34:45 +0000,Bench Dip,5,0,0,0,0,0,FALSE,,1
2023-04-17 11:17:59 +0000,Barbell Bench Press,10,20.41168092,0,0,0,0,TRUE,,1
2023-04-17 11:17:59 +0000,Barbell Bench Press,8,43.0913264,0,0,0,0,TRUE,,1
2023-04-17 11:17:59 +0000,Barbell Bench Press,4,72.57486551,0,0,0,0,FALSE,,1
2023-04-17 11:17:59 +0000,Barbell Bench Press,4,72.57486551,0,0,0,0,FALSE,,1
2023-04-17 11:17:59 +0000,Barbell Bench Press,4,72.57486551,0,0,0,0,FALSE,,1
2023-04-17 11:17:59 +0000,Barbell Bench Press,5,72.57486551,0,0,0,0,FALSE,,1
2023-04-17 11:17:59 +0000,Barbell Bench Press,3,72.57486551,0,0,0,0,FALSE,,1
2023-04-17 11:17:59 +0000,Barbell Incline Bench Press,5,52.16318459,0,0,0,0,FALSE,,1
2023-04-17 11:17:59 +0000,Barbell Incline Bench Press,4,52.16318459,0,0,0,0,FALSE,,1
2023-04-17 11:17:59 +0000,Barbell Incline Bench Press,4,52.16318459,0,0,0,0,FALSE,,1
2023-04-17 11:17:59 +0000,Bench Dip,5,0,0,0,0,0,FALSE,,1
2023-04-17 11:17:59 +0000,Bench Dip,5,0,0,0,0,0,FALSE,,1
2023-04-17 11:17:59 +0000,Bench Dip,5,0,0,0,0,0,FALSE,,1
2023-04-17 11:17:59 +0000,Bench Dip,5,0,0,0,0,0,FALSE,,1
2023-04-17 11:17:59 +0000,Bench Dip,5,0,0,0,0,0,FALSE,,1
2023-04-14 10:52:39 +0000,Bent Over Barbell Row,8,20.41168092,0,0,0,0,TRUE,,1
2023-04-14 10:52:39 +0000,Bent Over Barbell Row,8,52.16318459,0,0,0,0,TRUE,,1
2023-04-14 10:52:39 +0000,Bent Over Barbell Row,4,79.37875915,0,0,0,0,FALSE,,1
2023-04-14 10:52:39 +0000,Bent Over Barbell Row,4,79.37875915,0,0,0,0,FALSE,,1
2023-04-14 10:52:39 +0000,Bent Over Barbell Row,4,74.84283006,0,0,0,0,FALSE,,1
2023-04-14 10:52:39 +0000,Bent Over Barbell Row,4,70.30690096,0,0,0,0,FALSE,,1
2023-04-14 10:52:39 +0000,Bent Over Barbell Row,4,65.77097187,0,0,0,0,FALSE,,1
2023-04-14 10:52:39 +0000,Stiff-Legged Barbell Good Morning,8,43.0913264,0,0,0,0,FALSE,,1
2023-04-14 10:52:39 +0000,Stiff-Legged Barbell Good Morning,8,54.43114913,0,0,0,0,FALSE,,1
2023-04-14 10:52:39 +0000,Stiff-Legged Barbell Good Morning,12,63.50300732,0,0,0,0,FALSE,,1
2023-04-14 10:52:39 +0000,Stiff-Legged Barbell Good Morning,8,63.50300732,0,0,0,0,FALSE,,1
2023-04-14 10:52:39 +0000,Straight-Arm Pulldown,8,18.14371638,0,0,0,0,TRUE,,1
2023-04-14 10:52:39 +0000,Straight-Arm Pulldown,6,27.21557457,0,0,0,0,FALSE,,1
2023-04-14 10:52:39 +0000,Straight-Arm Pulldown,6,29.48353911,0,0,0,0,FALSE,,1
2023-04-14 10:52:39 +0000,Straight-Arm Pulldown,6,29.48353911,0,0,0,0,FALSE,,1
2023-04-14 10:52:39 +0000,Straight-Arm Pulldown,6,29.48353911,0,0,0,0,FALSE,,1
2023-04-14 10:52:39 +0000,Straight-Arm Pulldown,6,29.48353911,0,0,0,0,FALSE,,1
2023-04-14 10:52:39 +0000,Wide Grip Lat Pulldown,8,58.96707823,0,0,0,0,FALSE,,1
2023-04-14 10:52:39 +0000,Wide Grip Lat Pulldown,8,58.96707823,0,0,0,0,FALSE,,1
2023-04-14 10:52:39 +0000,Wide Grip Lat Pulldown,8,58.96707823,0,0,0,0,FALSE,,1
2023-04-14 10:52:39 +0000,Wide Grip Lat Pulldown,8,58.96707823,0,0,0,0,FALSE,,1
2023-04-11 11:17:02 +0000,Front Squat,4,20.41168092,0,0,0,0,TRUE,,1
2023-04-11 11:17:02 +0000,Front Squat,4,43.0913264,0,0,0,0,TRUE,,1
2023-04-11 11:17:02 +0000,Front Squat,4,52.16318459,0,0,0,0,TRUE,,1
2023-04-11 11:17:02 +0000,Front Squat,4,61.23504277,0,0,0,0,FALSE,,1
2023-04-11 11:17:02 +0000,Cable Pull Through,5,45.35929094,0,0,0,0,TRUE,,1
2023-04-11 11:17:02 +0000,Cable Pull Through,6,45.35929094,0,0,0,0,FALSE,,1
2023-04-11 11:17:02 +0000,Cable Pull Through,5,45.35929094,0,0,0,0,FALSE,,1
2023-04-11 11:17:02 +0000,Cable Pull Through,5,45.35929094,0,0,0,0,FALSE,,1
2023-04-11 11:17:02 +0000,Standing Cable Core Twist,6,14.74176956,0,0,0,0,FALSE,,2
2023-04-11 11:17:02 +0000,Standing Cable Core Twist,6,14.74176956,0,0,0,0,FALSE,,2
2023-04-11 11:17:02 +0000,Standing Cable Core Twist,6,14.74176956,0,0,0,0,FALSE,,2
2023-04-11 11:17:02 +0000,Cable Wood Chop,10,17.0097341,0,0,0,0,FALSE,,2
2023-04-11 11:17:02 +0000,Cable Wood Chop,8,17.0097341,0,0,0,0,FALSE,,2
2023-04-11 11:17:02 +0000,Cable One Arm Tricep Side Extension,4,12.47380501,0,0,0,0,FALSE,,2
2023-04-11 11:17:02 +0000,Cable One Arm Tricep Side Extension,4,12.47380501,0,0,0,0,FALSE,,2
2023-04-11 11:17:02 +0000,Cable One Arm Tricep Side Extension,4,11.33982274,0,0,0,0,FALSE,,2
2023-04-11 11:17:02 +0000,Cable One Arm Tricep Side Extension,4,11.33982274,0,0,0,0,FALSE,,2
2023-04-11 11:17:02 +0000,Cable Tricep Extension,8,31.75150366,0,0,0,0,FALSE,,1
2023-04-11 11:17:02 +0000,Cable Tricep Extension,4,34.01946821,0,0,0,0,FALSE,,1
2023-04-11 11:17:02 +0000,Cable Tricep Extension,4,32.88548593,0,0,0,0,FALSE,,1
2023-04-11 11:17:02 +0000,Cable Tricep Extension,4,31.75150366,0,0,0,0,FALSE,,1
2023-04-10 11:04:33 +0000,Deadlift,2,20.41168092,0,0,0,0,TRUE,,1
2023-04-10 11:04:33 +0000,Deadlift,2,61.23504277,0,0,0,0,TRUE,,1
2023-04-10 11:04:33 +0000,Deadlift,2,83.91468825,0,0,0,0,TRUE,,1
2023-04-10 11:04:33 +0000,Deadlift,2,102.0584046,0,0,0,0,TRUE,,1
2023-04-10 11:04:33 +0000,Deadlift,2,124.7380501,0,0,0,0,TRUE,,1
2023-04-10 11:04:33 +0000,Deadlift,2,133.8099083,0,0,0,0,TRUE,,1
2023-04-10 11:04:33 +0000,Deadlift,1,136.0778728,0,0,0,0,FALSE,,1
2023-04-10 11:04:33 +0000,Arnold Dumbbell Press,2,18.14371638,0,0,0,0,FALSE,,2
2023-04-10 11:04:33 +0000,Cable Lateral Raise,1,10.20584046,0,0,0,0,FALSE,,2
2023-04-10 11:04:33 +0000,Dumbbell Reverse Fly,4,9.071858189,0,0,0,0,FALSE,,2
2023-04-10 11:04:33 +0000,Hammer Curls,5,9.071858189,0,0,0,0,FALSE,,2
2023-04-10 11:04:33 +0000,Hammer Curls,5,11.33982274,0,0,0,0,FALSE,,2
2023-04-10 11:04:33 +0000,Hammer Curls,10,13.60778728,0,0,0,0,FALSE,,2
2023-04-10 11:04:33 +0000,Hammer Curls,8,13.60778728,0,0,0,0,FALSE,,2
2023-04-06 11:23:43 +0000,Bent Over Barbell Row,10,20.41168092,0,0,0,0,TRUE,,1
2023-04-06 11:23:43 +0000,Bent Over Barbell Row,8,52.16318459,0,0,0,0,TRUE,,1
2023-04-06 11:23:43 +0000,Bent Over Barbell Row,8,61.23504277,0,0,0,0,TRUE,,1
2023-04-06 11:23:43 +0000,Bent Over Barbell Row,5,79.37875915,0,0,0,0,FALSE,,1
2023-04-06 11:23:43 +0000,Bent Over Barbell Row,5,79.37875915,0,0,0,0,FALSE,,1
2023-04-06 11:23:43 +0000,Bent Over Barbell Row,5,79.37875915,0,0,0,0,FALSE,,1
2023-04-06 11:23:43 +0000,Bent Over Barbell Row,1,81.6467237,0,0,0,0,FALSE,,1
2023-04-06 11:23:43 +0000,T-Bar Row,8,34.01946821,0,0,0,0,TRUE,,1
2023-04-06 11:23:43 +0000,T-Bar Row,8,63.50300732,0,0,0,0,FALSE,,1
2023-04-06 11:23:43 +0000,T-Bar Row,8,63.50300732,0,0,0,0,FALSE,,1
2023-04-06 11:23:43 +0000,T-Bar Row,5,63.50300732,0,0,0,0,FALSE,,1
2023-04-06 11:23:43 +0000,T-Bar Row,3,63.50300732,0,0,0,0,FALSE,,1
2023-04-06 11:23:43 +0000,Straight-Arm Pulldown,10,27.21557457,0,0,0,0,FALSE,,1
2023-04-06 11:23:43 +0000,Straight-Arm Pulldown,10,27.21557457,0,0,0,0,FALSE,,1
2023-04-06 11:23:43 +0000,Straight-Arm Pulldown,10,27.21557457,0,0,0,0,FALSE,,1
2023-04-06 11:23:43 +0000,Cable Rear Delt Fly,8,13.60778728,0,0,0,0,FALSE,,2
2023-04-06 11:23:43 +0000,Cable Rear Delt Fly,8,13.60778728,0,0,0,0,FALSE,,2
2023-04-06 11:23:43 +0000,Cable Rear Delt Fly,8,13.60778728,0,0,0,0,FALSE,,2
2023-04-06 11:23:43 +0000,Machine Thigh Abductor,8,68.03893642,0,0,0,0,FALSE,,1
2023-04-06 11:23:43 +0000,Machine Thigh Abductor,8,68.03893642,0,0,0,0,FALSE,,1
2023-04-06 11:23:43 +0000,Machine Thigh Abductor,12,68.03893642,0,0,0,0,FALSE,,1
2023-04-06 11:23:43 +0000,Machine Thigh Abductor,13,68.03893642,0,0,0,0,FALSE,,1
2023-04-06 11:23:43 +0000,Machine Thigh Adductor,10,68.03893642,0,0,0,0,FALSE,,1
2023-04-06 11:23:43 +0000,Machine Thigh Adductor,10,68.03893642,0,0,0,0,FALSE,,1
2023-04-06 11:23:43 +0000,Machine Thigh Adductor,10,68.03893642,0,0,0,0,FALSE,,1
2023-04-06 11:23:43 +0000,Machine Thigh Adductor,11,68.03893642,0,0,0,0,FALSE,,1
2023-04-06 11:23:43 +0000,Behind the Back Cable Bicep Curl,6,12.47380501,0,0,0,0,FALSE,,2
2023-04-06 11:23:43 +0000,Behind the Back Cable Bicep Curl,9,11.33982274,0,0,0,0,FALSE,,2
2023-04-06 11:23:43 +0000,Behind the Back Cable Bicep Curl,9,9.071858189,0,0,0,0,FALSE,,2
2023-04-06 11:23:43 +0000,Behind the Back Cable Lateral Raise,10,5.669911368,0,0,0,0,FALSE,,2
2023-04-06 11:23:43 +0000,Behind the Back Cable Lateral Raise,10,4.535929094,0,0,0,0,FALSE,,2
2023-04-06 11:23:43 +0000,Behind the Back Cable Lateral Raise,10,4.535929094,0,0,0,0,FALSE,,2
2023-04-05 11:16:04 +0000,Back Squat,10,20.41168092,0,0,0,0,TRUE,,1
2023-04-05 11:16:04 +0000,Back Squat,8,61.23504277,0,0,0,0,TRUE,,1
2023-04-05 11:16:04 +0000,Back Squat,3,92.98654643,0,0,0,0,TRUE,,1
2023-04-05 11:16:04 +0000,Back Squat,5,113.3982274,0,0,0,0,FALSE,,1
2023-04-05 11:16:04 +0000,Back Squat,5,113.3982274,0,0,0,0,FALSE,,1
2023-04-05 11:16:04 +0000,Back Squat,5,113.3982274,0,0,0,0,FALSE,,1
2023-04-05 11:16:04 +0000,Romanian Deadlift,10,20.41168092,0,0,0,0,TRUE,,1
2023-04-05 11:16:04 +0000,Romanian Deadlift,8,61.23504277,0,0,0,0,TRUE,,1
2023-04-05 11:16:04 +0000,Romanian Deadlift,5,92.98654643,0,0,0,0,TRUE,,1
2023-04-05 11:16:04 +0000,Romanian Deadlift,5,104.3263692,0,0,0,0,FALSE,,1
2023-04-05 11:16:04 +0000,Romanian Deadlift,5,104.3263692,0,0,0,0,FALSE,,1
2023-04-05 11:16:04 +0000,Romanian Deadlift,5,104.3263692,0,0,0,0,FALSE,,1
2023-04-04 11:10:05 +0000,Barbell Bench Press,10,20.41168092,0,0,0,0,TRUE,,1
2023-04-04 11:10:05 +0000,Barbell Bench Press,6,43.0913264,0,0,0,0,TRUE,,1
2023-04-04 11:10:05 +0000,Barbell Bench Press,5,52.16318459,0,0,0,0,FALSE,,1
2023-04-04 11:10:05 +0000,Barbell Bench Press,5,61.23504277,0,0,0,0,FALSE,,1
2023-04-04 11:10:05 +0000,Barbell Bench Press,6,70.30690096,0,0,0,0,FALSE,,1
2023-04-04 11:10:05 +0000,Barbell Bench Press,9,70.30690096,0,0,0,0,FALSE,,1
2023-04-04 11:10:05 +0000,Barbell Incline Bench Press,10,20.41168092,0,0,0,0,TRUE,,1
2023-04-04 11:10:05 +0000,Barbell Incline Bench Press,5,43.0913264,0,0,0,0,TRUE,,1
2023-04-04 11:10:05 +0000,Barbell Incline Bench Press,5,52.16318459,0,0,0,0,FALSE,,1
2023-04-04 11:10:05 +0000,Barbell Incline Bench Press,5,52.16318459,0,0,0,0,FALSE,,1
2023-04-04 11:10:05 +0000,Barbell Incline Bench Press,5,52.16318459,0,0,0,0,FALSE,,1
2023-04-04 11:10:05 +0000,Barbell Incline Bench Press,5,52.16318459,0,0,0,0,FALSE,,1
2023-04-04 11:10:05 +0000,Single Arm Cable Crossover,5,11.33982274,0,0,0,0,FALSE,,2
2023-04-04 11:10:05 +0000,Single Arm Cable Crossover,5,11.33982274,0,0,0,0,FALSE,,2
2023-04-04 11:10:05 +0000,Single Arm Cable Crossover,5,11.33982274,0,0,0,0,FALSE,,2
2023-04-04 11:10:05 +0000,Single Arm Cable Crossover,5,11.33982274,0,0,0,0,FALSE,,2
2023-04-04 11:10:05 +0000,Cable One Arm Tricep Side Extension,7,13.60778728,0,0,0,0,FALSE,,2
2023-04-04 11:10:05 +0000,Cable One Arm Tricep Side Extension,5,12.47380501,0,0,0,0,FALSE,,2
2023-04-04 11:10:05 +0000,Cable One Arm Tricep Side Extension,5,12.47380501,0,0,0,0,FALSE,,2
2023-04-04 11:10:05 +0000,Cable One Arm Tricep Side Extension,5,11.33982274,0,0,0,0,FALSE,,2
2023-04-04 11:10:05 +0000,Cable Wood Chop,12,15.87575183,0,0,0,0,FALSE,,2
2023-03-31 11:00:25 +0000,Split Squat,8,20.41168092,0,0,0,0,TRUE,,2
2023-03-31 11:00:25 +0000,Split Squat,4,45.35929094,0,0,0,0,FALSE,,2
2023-03-31 11:00:25 +0000,Split Squat,4,45.35929094,0,0,0,0,FALSE,,2
2023-03-31 11:00:25 +0000,Split Squat,4,45.35929094,0,0,0,0,FALSE,,2
2023-03-31 11:00:25 +0000,Split Squat,4,45.35929094,0,0,0,0,FALSE,,2
2023-03-31 11:00:25 +0000,Cable Pull Through,8,24.94761002,0,0,0,0,TRUE,,1
2023-03-31 11:00:25 +0000,Cable Pull Through,6,45.35929094,0,0,0,0,FALSE,,1
2023-03-31 11:00:25 +0000,Cable Pull Through,8,45.35929094,0,0,0,0,FALSE,,1
2023-03-31 11:00:25 +0000,Cable Pull Through,12,45.35929094,0,0,0,0,FALSE,,1
2023-03-31 11:00:25 +0000,Cable Pull Through,12,45.35929094,0,0,0,0,FALSE,,1
2023-03-31 11:00:25 +0000,Cable Hip Extension,8,13.60778728,0,0,0,0,TRUE,,2
2023-03-31 11:00:25 +0000,Cable Hip Extension,6,15.87575183,0,0,0,0,FALSE,,2
2023-03-31 11:00:25 +0000,Cable Hip Extension,8,15.87575183,0,0,0,0,FALSE,,2
2023-03-31 11:00:25 +0000,Cable Hip Extension,8,15.87575183,0,0,0,0,FALSE,,2
2023-03-31 11:00:25 +0000,Standing Oblique Crunch,6,36.28743275,0,0,0,0,FALSE,,2
2023-03-31 11:00:25 +0000,Standing Oblique Crunch,6,36.28743275,0,0,0,0,FALSE,,2
2023-03-31 11:00:25 +0000,Standing Oblique Crunch,6,36.28743275,0,0,0,0,FALSE,,2
2023-03-31 11:00:25 +0000,Standing Oblique Crunch,6,36.28743275,0,0,0,0,FALSE,,2
2023-03-30 11:06:06 +0000,Bent Over Barbell Row,10,20.41168092,0,0,0,0,TRUE,,1
2023-03-30 11:06:06 +0000,Bent Over Barbell Row,8,52.16318459,0,0,0,0,TRUE,,1
2023-03-30 11:06:06 +0000,Bent Over Barbell Row,5,83.91468825,0,0,0,0,FALSE,,1
2023-03-30 11:06:06 +0000,Bent Over Barbell Row,5,83.91468825,0,0,0,0,FALSE,,1
2023-03-30 11:06:06 +0000,Bent Over Barbell Row,5,74.84283006,0,0,0,0,FALSE,,1
2023-03-30 11:06:06 +0000,Bent Over Barbell Row,3,74.84283006,0,0,0,0,FALSE,,1
2023-03-30 11:06:06 +0000,Stiff-Legged Barbell Good Morning,10,43.0913264,0,0,0,0,FALSE,,1
2023-03-30 11:06:06 +0000,Stiff-Legged Barbell Good Morning,13,52.16318459,0,0,0,0,FALSE,,1
2023-03-30 11:06:06 +0000,Stiff-Legged Barbell Good Morning,10,52.16318459,0,0,0,0,FALSE,,1
2023-03-30 11:06:06 +0000,Stiff-Legged Barbell Good Morning,13,52.16318459,0,0,0,0,FALSE,,1
2023-03-30 11:06:06 +0000,Lat Pulldown,5,63.50300732,0,0,0,0,FALSE,,1
2023-03-30 11:06:06 +0000,Lat Pulldown,5,63.50300732,0,0,0,0,FALSE,,1
2023-03-30 11:06:06 +0000,Lat Pulldown,5,63.50300732,0,0,0,0,FALSE,,1
2023-03-30 11:06:06 +0000,Wide Grip Lat Pulldown,3,45.35929094,0,0,0,0,FALSE,,1
2023-03-30 11:06:06 +0000,Wide Grip Lat Pulldown,3,54.43114913,0,0,0,0,FALSE,,1
2023-03-30 11:06:06 +0000,Wide Grip Lat Pulldown,6,63.50300732,0,0,0,0,FALSE,,1
2023-03-30 11:06:06 +0000,Wide Grip Lat Pulldown,6,63.50300732,0,0,0,0,FALSE,,1
2023-03-30 11:06:06 +0000,Dumbbell Bicep Curl,5,11.33982274,0,0,0,0,FALSE,,2
2023-03-30 11:06:06 +0000,Dumbbell Bicep Curl,5,13.60778728,0,0,0,0,FALSE,,2
2023-03-30 11:06:06 +0000,Dumbbell Bicep Curl,5,18.14371638,0,0,0,0,FALSE,,2
2023-03-30 11:06:06 +0000,Dumbbell Bicep Curl,3,18.14371638,0,0,0,0,FALSE,,2
2023-03-30 11:06:06 +0000,Cable Rear Delt Fly,6,15.87575183,0,0,0,0,FALSE,,2
2023-03-30 11:06:06 +0000,Cable Rear Delt Fly,6,15.87575183,0,0,0,0,FALSE,,2
2023-03-30 11:06:06 +0000,Cable Rear Delt Fly,5,15.87575183,0,0,0,0,FALSE,,2
2023-03-30 11:06:06 +0000,Machine Thigh Adductor,10,68.03893642,0,0,0,0,FALSE,,1
2023-03-30 11:06:06 +0000,Machine Thigh Adductor,10,68.03893642,0,0,0,0,FALSE,,1
2023-03-30 11:06:06 +0000,Machine Thigh Adductor,10,68.03893642,0,0,0,0,FALSE,,1
2023-03-30 11:06:06 +0000,Machine Thigh Abductor,10,68.03893642,0,0,0,0,FALSE,,1
2023-03-30 11:06:06 +0000,Machine Thigh Abductor,10,68.03893642,0,0,0,0,FALSE,,1
2023-03-30 11:06:06 +0000,Machine Thigh Abductor,10,68.03893642,0,0,0,0,FALSE,,1
2023-03-30 11:06:06 +0000,Machine Thigh Abductor,10,68.03893642,0,0,0,0,FALSE,,1
2023-03-28 11:11:43 +0000,Rowing,0,0,120,350,0,0,FALSE,,0
2023-03-28 11:11:43 +0000,Back Squat,6,20.41168092,0,0,0,0,TRUE,,1
2023-03-28 11:11:43 +0000,Back Squat,6,61.23504277,0,0,0,0,TRUE,,1
2023-03-28 11:11:43 +0000,Back Squat,3,92.98654643,0,0,0,0,TRUE,,1
2023-03-28 11:11:43 +0000,Back Squat,3,102.0584046,0,0,0,0,FALSE,,1
2023-03-28 11:11:43 +0000,Back Squat,3,102.0584046,0,0,0,0,FALSE,,1
2023-03-28 11:11:43 +0000,Back Squat,3,111.1302628,0,0,0,0,FALSE,,1
2023-03-28 11:11:43 +0000,Romanian Deadlift,10,20.41168092,0,0,0,0,TRUE,,1
2023-03-28 11:11:43 +0000,Romanian Deadlift,8,61.23504277,0,0,0,0,TRUE,,1
2023-03-28 11:11:43 +0000,Romanian Deadlift,3,92.98654643,0,0,0,0,TRUE,,1
2023-03-28 11:11:43 +0000,Romanian Deadlift,5,102.0584046,0,0,0,0,FALSE,,1
2023-03-28 11:11:43 +0000,Romanian Deadlift,5,102.0584046,0,0,0,0,FALSE,,1
2023-03-28 11:11:43 +0000,Romanian Deadlift,3,102.0584046,0,0,0,0,FALSE,,1
2023-03-27 11:04:01 +0000,Barbell Bench Press,8,43.0913264,0,0,0,0,TRUE,,1
2023-03-27 11:04:01 +0000,Barbell Bench Press,4,52.16318459,0,0,0,0,TRUE,,1
2023-03-27 11:04:01 +0000,Barbell Bench Press,5,65.77097187,0,0,0,0,FALSE,,1
2023-03-27 11:04:01 +0000,Barbell Bench Press,6,65.77097187,0,0,0,0,FALSE,,1
2023-03-27 11:04:01 +0000,Barbell Bench Press,6,65.77097187,0,0,0,0,FALSE,,1
2023-03-27 11:04:01 +0000,Dumbbell Incline Bench Press,5,22.67964547,0,0,0,0,FALSE,,2
2023-03-27 11:04:01 +0000,Dumbbell Incline Bench Press,5,22.67964547,0,0,0,0,FALSE,,2
2023-03-27 11:04:01 +0000,Dumbbell Incline Bench Press,5,22.67964547,0,0,0,0,FALSE,,2
2023-03-27 11:04:01 +0000,Cable Crossover Fly,7,13.60778728,0,0,0,0,FALSE,,2
2023-03-27 11:04:01 +0000,Cable Crossover Fly,7,13.60778728,0,0,0,0,FALSE,,2
2023-03-27 11:04:01 +0000,Cable Crossover Fly,5,13.60778728,0,0,0,0,FALSE,,2
2023-03-27 11:04:01 +0000,Pallof Press,7,13.60778728,0,0,0,0,FALSE,,2
2023-03-27 11:04:01 +0000,Pallof Press,8,13.60778728,0,0,0,0,FALSE,,2
2023-03-27 11:04:01 +0000,Pallof Press,8,13.60778728,0,0,0,0,FALSE,,2
2023-03-27 11:04:01 +0000,Cable Rope Overhead Triceps Extension,4,27.21557457,0,0,0,0,FALSE,,1
2023-03-27 11:04:01 +0000,Cable Rope Overhead Triceps Extension,4,27.21557457,0,0,0,0,FALSE,,1
2023-03-27 11:04:01 +0000,Cable Rope Overhead Triceps Extension,4,27.21557457,0,0,0,0,FALSE,,1
2023-03-24 11:22:08 +0000,Upright Row,5,31.75150366,0,0,0,0,FALSE,,1
2023-03-24 11:22:08 +0000,Upright Row,5,31.75150366,0,0,0,0,FALSE,,1
2023-03-24 11:22:08 +0000,Upright Row,5,31.75150366,0,0,0,0,FALSE,,1
2023-03-24 11:22:08 +0000,Upright Row,5,31.75150366,0,0,0,0,FALSE,,1
2023-03-24 11:22:08 +0000,Dumbbell Shoulder Press,10,15.87575183,0,0,0,0,FALSE,,2
2023-03-24 11:22:08 +0000,Dumbbell Shoulder Press,6,15.87575183,0,0,0,0,FALSE,,2
2023-03-24 11:22:08 +0000,Dumbbell Shoulder Press,6,15.87575183,0,0,0,0,FALSE,,2
2023-03-24 11:22:08 +0000,EZ-Bar Curl,6,31.75150366,0,0,0,0,FALSE,,1
2023-03-24 11:22:08 +0000,EZ-Bar Curl,6,31.75150366,0,0,0,0,FALSE,,1
2023-03-24 11:22:08 +0000,EZ-Bar Curl,5,31.75150366,0,0,0,0,FALSE,,1
2023-03-24 11:22:08 +0000,EZ-Bar Curl,5,31.75150366,0,0,0,0,FALSE,,1
2023-03-24 11:22:08 +0000,EZ-Bar Curl,4,31.75150366,0,0,0,0,FALSE,,1
2023-03-24 11:22:08 +0000,Hammer Curls,6,11.33982274,0,0,0,0,FALSE,,2
2023-03-24 11:22:08 +0000,Hammer Curls,6,11.33982274,0,0,0,0,FALSE,,2
2023-03-24 11:22:08 +0000,Hammer Curls,6,11.33982274,0,0,0,0,FALSE,,2
2023-03-24 11:22:08 +0000,Hammer Curls,10,9.071858189,0,0,0,0,FALSE,,2
2023-03-24 11:22:08 +0000,Hammer Curls,7,9.071858189,0,0,0,0,FALSE,,2
2023-03-24 11:22:08 +0000,Close-Grip Bench Press,6,56.69911368,0,0,0,0,FALSE,,1
2023-03-24 11:22:08 +0000,Close-Grip Bench Press,6,56.69911368,0,0,0,0,FALSE,,1
2023-03-24 11:22:08 +0000,Close-Grip Bench Press,6,56.69911368,0,0,0,0,FALSE,,1
2023-03-24 11:22:08 +0000,Close-Grip Bench Press,6,56.69911368,0,0,0,0,FALSE,,1
2023-03-24 11:22:08 +0000,Standing Arnold Press,6,9.071858189,0,0,0,0,FALSE,,2
2023-03-24 11:22:08 +0000,Standing Arnold Press,7,9.071858189,0,0,0,0,FALSE,,2
2023-03-24 11:22:08 +0000,Standing Arnold Press,6,9.071858189,0,0,0,0,FALSE,,2
2023-03-24 11:22:08 +0000,Standing Arnold Press,3,9.071858189,0,0,0,0,FALSE,,2
2023-03-23 11:16:04 +0000,Bent Over Barbell Row,10,43.0913264,0,0,0,0,TRUE,,1
2023-03-23 11:16:04 +0000,Bent Over Barbell Row,5,52.16318459,0,0,0,0,TRUE,,1
2023-03-23 11:16:04 +0000,Bent Over Barbell Row,6,61.23504277,0,0,0,0,FALSE,,1
2023-03-23 11:16:04 +0000,Bent Over Barbell Row,8,79.37875915,0,0,0,0,FALSE,,1
2023-03-23 11:16:04 +0000,Bent Over Barbell Row,6,79.37875915,0,0,0,0,FALSE,,1
2023-03-23 11:16:04 +0000,Bent Over Barbell Row,6,79.37875915,0,0,0,0,FALSE,,1
2023-03-23 11:16:04 +0000,Stiff-Legged Barbell Good Morning,8,43.0913264,0,0,0,0,TRUE,,1
2023-03-23 11:16:04 +0000,Stiff-Legged Barbell Good Morning,8,52.16318459,0,0,0,0,FALSE,,1
2023-03-23 11:16:04 +0000,Stiff-Legged Barbell Good Morning,8,52.16318459,0,0,0,0,FALSE,,1
2023-03-23 11:16:04 +0000,Stiff-Legged Barbell Good Morning,6,52.16318459,0,0,0,0,FALSE,,1
2023-03-23 11:16:04 +0000,Lat Pulldown,8,63.50300732,0,0,0,0,FALSE,,1
2023-03-23 11:16:04 +0000,Lat Pulldown,7,63.50300732,0,0,0,0,FALSE,,1
2023-03-23 11:16:04 +0000,Lat Pulldown,6,63.50300732,0,0,0,0,FALSE,,1
2023-03-23 11:16:04 +0000,Lat Pulldown,6,63.50300732,0,0,0,0,FALSE,,1
2023-03-23 11:16:04 +0000,Wide Grip Lat Pulldown,2,61.23504277,0,0,0,0,FALSE,,1
2023-03-23 11:16:04 +0000,Wide Grip Lat Pulldown,2,63.50300732,0,0,0,0,FALSE,,1
2023-03-23 11:16:04 +0000,Wide Grip Lat Pulldown,2,63.50300732,0,0,0,0,FALSE,,1
2023-03-23 11:16:04 +0000,Machine Thigh Abductor,12,68.03893642,0,0,0,0,FALSE,,1
2023-03-23 11:16:04 +0000,Machine Thigh Abductor,12,68.03893642,0,0,0,0,FALSE,,1
2023-03-23 11:16:04 +0000,Machine Thigh Adductor,12,68.03893642,0,0,0,0,FALSE,,1
2023-03-22 11:13:22 +0000,Front Squat,2,20.41168092,0,0,0,0,TRUE,,1
2023-03-22 11:13:22 +0000,Front Squat,2,43.0913264,0,0,0,0,TRUE,,1
2023-03-22 11:13:22 +0000,Front Squat,2,52.16318459,0,0,0,0,TRUE,,1
2023-03-22 11:13:22 +0000,Front Squat,2,61.23504277,0,0,0,0,TRUE,,1
2023-03-22 11:13:22 +0000,Front Squat,2,70.30690096,0,0,0,0,TRUE,,1
2023-03-22 11:13:22 +0000,Front Squat,1,83.91468825,0,0,0,0,FALSE,,1
2023-03-22 11:13:22 +0000,Barbell Hip Thrust,2,61.23504277,0,0,0,0,TRUE,,1
2023-03-22 11:13:22 +0000,Barbell Hip Thrust,2,102.0584046,0,0,0,0,TRUE,,1
2023-03-22 11:13:22 +0000,Barbell Hip Thrust,1,124.7380501,0,0,0,0,FALSE,,1
2023-03-22 11:13:22 +0000,Standing Cable Core Twist,8,13.60778728,0,0,0,0,FALSE,,2
2023-03-22 11:13:22 +0000,Standing Cable Core Twist,8,13.60778728,0,0,0,0,FALSE,,2
2023-03-22 11:13:22 +0000,Cable Wood Chop,8,15.87575183,0,0,0,0,FALSE,,2
2023-03-22 11:13:22 +0000,Cable Wood Chop,8,15.87575183,0,0,0,0,FALSE,,2
2023-03-21 11:18:42 +0000,Rowing,0,0,360,550,0,0,FALSE,,0
2023-03-21 11:18:42 +0000,Back Squat,4,20.41168092,0,0,0,0,TRUE,,1
2023-03-21 11:18:42 +0000,Back Squat,5,61.23504277,0,0,0,0,TRUE,,1
2023-03-21 11:18:42 +0000,Back Squat,4,92.98654643,0,0,0,0,TRUE,,1
2023-03-21 11:18:42 +0000,Back Squat,3,104.3263692,0,0,0,0,FALSE,,1
2023-03-21 11:18:42 +0000,Back Squat,3,104.3263692,0,0,0,0,FALSE,,1
2023-03-21 11:18:42 +0000,Romanian Deadlift,10,20.41168092,0,0,0,0,TRUE,,1
2023-03-21 11:18:42 +0000,Romanian Deadlift,8,61.23504277,0,0,0,0,TRUE,,1
2023-03-21 11:18:42 +0000,Romanian Deadlift,3,92.98654643,0,0,0,0,TRUE,,1
2023-03-21 11:18:42 +0000,Romanian Deadlift,6,102.0584046,0,0,0,0,FALSE,,1
2023-03-21 11:18:42 +0000,Romanian Deadlift,6,102.0584046,0,0,0,0,FALSE,,1
2023-03-21 11:18:42 +0000,Romanian Deadlift,5,102.0584046,0,0,0,0,FALSE,,1
2023-03-21 11:18:42 +0000,Machine Leg Press,2,161.0254828,0,0,0,0,FALSE,,1
2023-03-21 11:18:42 +0000,Machine Leg Press,2,181.4371638,0,0,0,0,FALSE,,1
2023-03-21 11:18:42 +0000,Calf Press,2,181.4371638,0,0,0,0,FALSE,,1
2023-03-21 11:18:42 +0000,Calf Press,2,181.4371638,0,0,0,0,FALSE,,1
2023-03-20 11:12:08 +0000,Barbell Bench Press,10,20.41168092,0,0,0,0,TRUE,,1
2023-03-20 11:12:08 +0000,Barbell Bench Press,5,52.16318459,0,0,0,0,TRUE,,1
2023-03-20 11:12:08 +0000,Barbell Bench Press,5,65.77097187,0,0,0,0,FALSE,,1
2023-03-20 11:12:08 +0000,Barbell Bench Press,5,65.77097187,0,0,0,0,FALSE,,1
2023-03-20 11:12:08 +0000,Barbell Bench Press,5,65.77097187,0,0,0,0,FALSE,,1
2023-03-20 11:12:08 +0000,Dumbbell Incline Bench Press,5,22.67964547,0,0,0,0,FALSE,,2
2023-03-20 11:12:08 +0000,Dumbbell Incline Bench Press,5,22.67964547,0,0,0,0,FALSE,,2
2023-03-20 11:12:08 +0000,Dumbbell Incline Bench Press,5,22.67964547,0,0,0,0,FALSE,,2
2023-03-20 11:12:08 +0000,Cable Crossover Fly,5,10.20584046,0,0,0,0,FALSE,,2
2023-03-20 11:12:08 +0000,Cable Crossover Fly,5,11.33982274,0,0,0,0,FALSE,,2
2023-03-20 11:12:08 +0000,Cable Crossover Fly,10,13.60778728,0,0,0,0,FALSE,,2
2023-03-20 11:12:08 +0000,Cable Crossover Fly,9,13.60778728,0,0,0,0,FALSE,,2
2023-03-17 11:05:53 +0000,Shotgun Row,8,18.14371638,0,0,0,0,TRUE,,2
2023-03-17 11:05:53 +0000,Shotgun Row,5,31.75150366,0,0,0,0,FALSE,,2
2023-03-17 11:05:53 +0000,Shotgun Row,5,31.75150366,0,0,0,0,FALSE,,2
2023-03-17 11:05:53 +0000,Shotgun Row,5,31.75150366,0,0,0,0,FALSE,,2
2023-03-17 11:05:53 +0000,Straight-Arm Pulldown,5,27.21557457,0,0,0,0,FALSE,,1
2023-03-17 11:05:53 +0000,Straight-Arm Pulldown,5,27.21557457,0,0,0,0,FALSE,,1
2023-03-17 11:05:53 +0000,Straight-Arm Pulldown,5,27.21557457,0,0,0,0,FALSE,,1
2023-03-17 11:05:53 +0000,EZ-Bar Curl,8,24.94761002,0,0,0,0,TRUE,,1
2023-03-17 11:05:53 +0000,EZ-Bar Curl,5,38.5553973,0,0,0,0,FALSE,,1
2023-03-17 11:05:53 +0000,EZ-Bar Curl,5,38.5553973,0,0,0,0,FALSE,,1
2023-03-17 11:05:53 +0000,EZ-Bar Curl,5,38.5553973,0,0,0,0,FALSE,,1
2023-03-17 11:05:53 +0000,EZ-Bar Curl,5,34.01946821,0,0,0,0,FALSE,,1
2023-03-17 11:05:53 +0000,Upright Row,6,29.48353911,0,0,0,0,FALSE,,1
2023-03-17 11:05:53 +0000,Upright Row,6,34.01946821,0,0,0,0,FALSE,,1
2023-03-17 11:05:53 +0000,Upright Row,6,34.01946821,0,0,0,0,FALSE,,1
2023-03-17 11:05:53 +0000,Upright Row,6,34.01946821,0,0,0,0,FALSE,,1
2023-03-17 11:05:53 +0000,Upright Row,6,34.01946821,0,0,0,0,FALSE,,1
2023-03-17 11:05:53 +0000,Hammer Curls,4,13.60778728,0,0,0,0,FALSE,,2
2023-03-17 11:05:53 +0000,Hammer Curls,4,13.60778728,0,0,0,0,FALSE,,2
2023-03-17 11:05:53 +0000,Hammer Curls,4,13.60778728,0,0,0,0,FALSE,,2
2023-03-17 11:05:53 +0000,Hammer Curls,4,13.60778728,0,0,0,0,FALSE,,2
2023-03-17 11:05:53 +0000,Hammer Curls,5,13.60778728,0,0,0,0,FALSE,,2
2023-03-17 11:05:53 +0000,Standing Oblique Crunch,12,29.48353911,0,0,0,0,FALSE,,2
2023-03-17 11:05:53 +0000,Standing Oblique Crunch,12,29.48353911,0,0,0,0,FALSE,,2
2023-03-17 11:05:53 +0000,Standing Oblique Crunch,12,29.48353911,0,0,0,0,FALSE,,2
2023-03-17 11:05:53 +0000,Standing Oblique Crunch,12,29.48353911,0,0,0,0,FALSE,,2
2023-03-17 11:05:53 +0000,Cable Crunch,12,34.01946821,0,0,0,0,FALSE,,1
2023-03-17 11:05:53 +0000,Cable Crunch,8,36.28743275,0,0,0,0,FALSE,,1
2023-03-17 11:05:53 +0000,Cable Crunch,8,36.28743275,0,0,0,0,FALSE,,1
2023-03-16 11:13:40 +0000,Rowing,0,0,240,550,0,0,FALSE,,0
2023-03-16 11:13:40 +0000,Back Squat,5,20.41168092,0,0,0,0,TRUE,,1
2023-03-16 11:13:40 +0000,Back Squat,5,45.35929094,0,0,0,0,TRUE,,1
2023-03-16 11:13:40 +0000,Back Squat,5,61.23504277,0,0,0,0,FALSE,,1
2023-03-16 11:13:40 +0000,Back Squat,5,70.30690096,0,0,0,0,FALSE,,1
2023-03-16 11:13:40 +0000,Back Squat,12,83.91468825,0,0,0,0,FALSE,,1
2023-03-16 11:13:40 +0000,Back Squat,13,83.91468825,0,0,0,0,FALSE,,1
2023-03-16 11:13:40 +0000,Romanian Deadlift,8,43.0913264,0,0,0,0,TRUE,,1
2023-03-16 11:13:40 +0000,Romanian Deadlift,6,52.16318459,0,0,0,0,TRUE,,1
2023-03-16 11:13:40 +0000,Romanian Deadlift,6,72.57486551,0,0,0,0,FALSE,,1
2023-03-16 11:13:40 +0000,Romanian Deadlift,6,88.45061734,0,0,0,0,FALSE,,1
2023-03-16 11:13:40 +0000,Romanian Deadlift,7,104.3263692,0,0,0,0,FALSE,,1
2023-03-16 11:13:40 +0000,Romanian Deadlift,6,104.3263692,0,0,0,0,FALSE,,1
2023-03-13 11:18:37 +0000,Barbell Bench Press,8,52.16318459,0,0,0,0,TRUE,,1
2023-03-13 11:18:37 +0000,Barbell Bench Press,8,61.23504277,0,0,0,0,TRUE,,1
2023-03-13 11:18:37 +0000,Barbell Bench Press,3,70.30690096,0,0,0,0,FALSE,,1
2023-03-13 11:18:37 +0000,Barbell Bench Press,4,70.30690096,0,0,0,0,FALSE,,1
2023-03-13 11:18:37 +0000,Barbell Bench Press,4,70.30690096,0,0,0,0,FALSE,,1
2023-03-13 11:18:37 +0000,Incline Cable Chest Press,5,22.67964547,0,0,0,0,FALSE,,2
2023-03-13 11:18:37 +0000,Incline Cable Chest Press,11,24.94761002,0,0,0,0,FALSE,,2
2023-03-13 11:18:37 +0000,Incline Cable Chest Press,8,24.94761002,0,0,0,0,FALSE,,2
2023-03-13 11:18:37 +0000,Cable Crossover Fly,5,13.60778728,0,0,0,0,FALSE,,2
2023-03-13 11:18:37 +0000,Cable Crossover Fly,5,13.60778728,0,0,0,0,FALSE,,2
2023-03-13 11:18:37 +0000,Dumbbell Pullover,10,22.67964547,0,0,0,0,FALSE,,1
2023-03-13 11:18:37 +0000,Dumbbell Pullover,10,22.67964547,0,0,0,0,FALSE,,1
2023-03-13 11:18:37 +0000,Dumbbell Kickbacks,8,22.67964547,0,0,0,0,FALSE,,2
2023-03-13 11:18:37 +0000,Dumbbell Kickbacks,8,22.67964547,0,0,0,0,FALSE,,2
2023-03-13 11:18:37 +0000,Cable Tricep Pushdown,8,18.14371638,0,0,0,0,TRUE,,1
2023-03-13 11:18:37 +0000,Cable Tricep Pushdown,7,29.48353911,0,0,0,0,FALSE,,1
2023-03-13 11:18:37 +0000,Cable Tricep Pushdown,6,29.48353911,0,0,0,0,FALSE,,1
2023-03-13 11:18:37 +0000,Cable Tricep Pushdown,6,28.34955684,0,0,0,0,FALSE,,1
2023-03-09 12:10:30 +0000,Rowing,0,0,360,550,0,0,FALSE,,0
2023-03-09 12:10:30 +0000,Bent Over Barbell Row,8,52.16318459,0,0,0,0,TRUE,,1
2023-03-09 12:10:30 +0000,Bent Over Barbell Row,8,61.23504277,0,0,0,0,TRUE,,1
2023-03-09 12:10:30 +0000,Bent Over Barbell Row,5,83.91468825,0,0,0,0,FALSE,,1
2023-03-09 12:10:30 +0000,Bent Over Barbell Row,5,83.91468825,0,0,0,0,FALSE,,1
2023-03-09 12:10:30 +0000,Bent Over Barbell Row,4,83.91468825,0,0,0,0,FALSE,,1
2023-03-09 12:10:30 +0000,Bent Over Barbell Row,4,83.91468825,0,0,0,0,FALSE,,1
2023-03-09 12:10:30 +0000,Bent Over Barbell Row,1,83.91468825,0,0,0,0,FALSE,,1
2023-03-09 12:10:30 +0000,Lat Pulldown,12,45.35929094,0,0,0,0,FALSE,,1
2023-03-09 12:10:30 +0000,Lat Pulldown,12,54.43114913,0,0,0,0,FALSE,,1
2023-03-09 12:10:30 +0000,Lat Pulldown,8,65.77097187,0,0,0,0,FALSE,,1
2023-03-09 12:10:30 +0000,Lat Pulldown,6,65.77097187,0,0,0,0,FALSE,,1
2023-03-09 12:10:30 +0000,Barbell Hip Thrust,17,65.77097187,0,0,0,0,FALSE,,1
2023-03-09 12:10:30 +0000,Barbell Hip Thrust,17,65.77097187,0,0,0,0,FALSE,,1
2023-03-09 12:10:30 +0000,Barbell Hip Thrust,17,65.77097187,0,0,0,0,FALSE,,1
2023-03-06 12:37:44 +0000,Barbell Bench Press,10,20.41168092,0,0,0,0,TRUE,,1
2023-03-06 12:37:44 +0000,Barbell Bench Press,5,31.75150366,0,0,0,0,TRUE,,1
2023-03-06 12:37:44 +0000,Barbell Bench Press,7,43.0913264,0,0,0,0,FALSE,,1
2023-03-06 12:37:44 +0000,Barbell Bench Press,7,52.16318459,0,0,0,0,FALSE,,1
2023-03-06 12:37:44 +0000,Barbell Bench Press,7,63.50300732,0,0,0,0,FALSE,,1
2023-03-06 12:37:44 +0000,Barbell Bench Press,9,63.50300732,0,0,0,0,FALSE,,1
2023-03-06 12:37:44 +0000,Incline Cable Chest Press,5,24.94761002,0,0,0,0,FALSE,,2
2023-03-06 12:37:44 +0000,Incline Cable Chest Press,4,24.94761002,0,0,0,0,FALSE,,2
2023-03-06 12:37:44 +0000,Incline Cable Chest Press,4,24.94761002,0,0,0,0,FALSE,,2
2023-03-06 12:37:44 +0000,Cable Crossover Fly,7,13.60778728,0,0,0,0,FALSE,,2
2023-03-06 12:37:44 +0000,Cable Crossover Fly,6,13.60778728,0,0,0,0,FALSE,,2
2023-03-06 12:37:44 +0000,Cable Crossover Fly,6,13.60778728,0,0,0,0,FALSE,,2
2023-03-06 12:37:44 +0000,Dumbbell Kickbacks,7,13.60778728,0,0,0,0,FALSE,,2
2023-03-06 12:37:44 +0000,Dumbbell Kickbacks,7,15.87575183,0,0,0,0,FALSE,,2
2023-03-06 12:37:44 +0000,Dumbbell Kickbacks,12,20.41168092,0,0,0,0,FALSE,,2
2023-03-06 12:37:44 +0000,Dumbbell Kickbacks,10,20.41168092,0,0,0,0,FALSE,,2
2023-03-03 12:13:49 +0000,Good Morning,4,43.0913264,0,0,0,0,TRUE,,1
2023-03-03 12:13:49 +0000,Good Morning,4,52.16318459,0,0,0,0,TRUE,,1
2023-03-03 12:13:49 +0000,Good Morning,5,56.69911368,0,0,0,0,FALSE,,1
2023-03-03 12:13:49 +0000,Good Morning,5,56.69911368,0,0,0,0,FALSE,,1
2023-03-03 12:13:49 +0000,Good Morning,5,61.23504277,0,0,0,0,FALSE,,1
2023-03-03 12:13:49 +0000,Good Morning,5,61.23504277,0,0,0,0,FALSE,,1
2023-03-03 12:13:49 +0000,Straight-Arm Pulldown,5,17.0097341,0,0,0,0,FALSE,,1
2023-03-03 12:13:49 +0000,Straight-Arm Pulldown,4,17.0097341,0,0,0,0,FALSE,,1
2023-03-03 12:13:49 +0000,Straight-Arm Pulldown,5,13.60778728,0,0,0,0,FALSE,,1
2023-03-03 12:13:49 +0000,Straight-Arm Pulldown,5,13.60778728,0,0,0,0,FALSE,,1
2023-03-03 12:13:49 +0000,Cable Row,7,63.50300732,0,0,0,0,FALSE,,1
2023-03-03 12:13:49 +0000,Cable Row,5,63.50300732,0,0,0,0,FALSE,,1
2023-03-03 12:13:49 +0000,Cable Row,5,63.50300732,0,0,0,0,FALSE,,1
2023-03-03 12:13:49 +0000,Dumbbell Bicep Curl,4,18.14371638,0,0,0,0,FALSE,,2
2023-03-03 12:13:49 +0000,Dumbbell Bicep Curl,4,15.87575183,0,0,0,0,FALSE,,2
2023-03-03 12:13:49 +0000,Dumbbell Bicep Curl,4,15.87575183,0,0,0,0,FALSE,,2
2023-03-03 12:13:49 +0000,Hammer Curls,5,13.60778728,0,0,0,0,FALSE,,2
2023-03-03 12:13:49 +0000,Hammer Curls,5,13.60778728,0,0,0,0,FALSE,,2
2023-03-03 12:13:49 +0000,Hammer Curls,5,13.60778728,0,0,0,0,FALSE,,2
2023-02-28 12:14:44 +0000,Rowing,0,0,240,650,0,0,FALSE,,0
2023-02-28 12:14:44 +0000,Back Squat,3,61.23504277,0,0,0,0,TRUE,,1
2023-02-28 12:14:44 +0000,Back Squat,3,70.30690096,0,0,0,0,TRUE,,1
2023-02-28 12:14:44 +0000,Back Squat,6,79.37875915,0,0,0,0,FALSE,,1
2023-02-28 12:14:44 +0000,Back Squat,5,83.91468825,0,0,0,0,FALSE,,1
2023-02-28 12:14:44 +0000,Back Squat,5,83.91468825,0,0,0,0,FALSE,,1
2023-02-28 12:14:44 +0000,Romanian Deadlift,3,83.91468825,0,0,0,0,TRUE,,1
2023-02-28 12:14:44 +0000,Romanian Deadlift,3,92.98654643,0,0,0,0,TRUE,,1
2023-02-28 12:14:44 +0000,Romanian Deadlift,6,102.0584046,0,0,0,0,FALSE,,1
2023-02-28 12:14:44 +0000,Romanian Deadlift,6,102.0584046,0,0,0,0,FALSE,,1
2023-02-28 12:14:44 +0000,Romanian Deadlift,6,102.0584046,0,0,0,0,FALSE,,1
2023-02-27 12:09:01 +0000,Incline Cable Chest Press,3,20.41168092,0,0,0,0,TRUE,,2
2023-02-27 12:09:01 +0000,Incline Cable Chest Press,3,22.67964547,0,0,0,0,TRUE,,2
2023-02-27 12:09:01 +0000,Incline Cable Chest Press,6,24.94761002,0,0,0,0,FALSE,,2
2023-02-27 12:09:01 +0000,Incline Cable Chest Press,5,24.94761002,0,0,0,0,FALSE,,2
2023-02-27 12:09:01 +0000,Barbell Bench Press,3,52.16318459,0,0,0,0,TRUE,,1
2023-02-27 12:09:01 +0000,Barbell Bench Press,3,61.23504277,0,0,0,0,TRUE,,1
2023-02-27 12:09:01 +0000,Barbell Bench Press,3,70.30690096,0,0,0,0,FALSE,,1
2023-02-27 12:09:01 +0000,Barbell Bench Press,3,70.30690096,0,0,0,0,FALSE,,1
2023-02-27 12:09:01 +0000,Cable Crossover Fly,8,13.60778728,0,0,0,0,FALSE,,2
2023-02-27 12:09:01 +0000,Cable Crossover Fly,6,13.60778728,0,0,0,0,FALSE,,2
2023-02-27 12:09:01 +0000,Cable Crossover Fly,5,13.60778728,0,0,0,0,FALSE,,2
2023-02-27 12:09:01 +0000,Cable Rope Tricep Extension,5,27.21557457,0,0,0,0,FALSE,,1
2023-02-27 12:09:01 +0000,Cable Rope Tricep Extension,6,27.21557457,0,0,0,0,FALSE,,1
2023-02-27 12:09:01 +0000,Cable Rope Tricep Extension,6,27.21557457,0,0,0,0,FALSE,,1
2023-02-21 12:15:24 +0000,Rowing,0,0,240,650,0,0,FALSE,,0
2023-02-21 12:15:24 +0000,Back Squat,3,52.16318459,0,0,0,0,TRUE,,1
2023-02-21 12:15:24 +0000,Back Squat,3,61.23504277,0,0,0,0,TRUE,,1
2023-02-21 12:15:24 +0000,Back Squat,3,70.30690096,0,0,0,0,TRUE,,1
2023-02-21 12:15:24 +0000,Back Squat,6,79.37875915,0,0,0,0,FALSE,,1
2023-02-21 12:15:24 +0000,Back Squat,6,79.37875915,0,0,0,0,FALSE,,1
2023-02-21 12:15:24 +0000,Back Squat,6,79.37875915,0,0,0,0,FALSE,,1
2023-02-21 12:15:24 +0000,Romanian Deadlift,3,83.91468825,0,0,0,0,TRUE,,1
2023-02-21 12:15:24 +0000,Romanian Deadlift,3,92.98654643,0,0,0,0,TRUE,,1
2023-02-21 12:15:24 +0000,Romanian Deadlift,6,102.0584046,0,0,0,0,FALSE,,1
2023-02-21 12:15:24 +0000,Romanian Deadlift,5,102.0584046,0,0,0,0,FALSE,,1
2023-02-16 12:07:32 +0000,Rowing,0,0,240,650,0,0,FALSE,,0
2023-02-16 12:07:32 +0000,Bent Over Barbell Row,6,52.16318459,0,0,0,0,TRUE,,1
2023-02-16 12:07:32 +0000,Bent Over Barbell Row,6,61.23504277,0,0,0,0,TRUE,,1
2023-02-16 12:07:32 +0000,Bent Over Barbell Row,6,70.30690096,0,0,0,0,FALSE,,1
2023-02-16 12:07:32 +0000,Bent Over Barbell Row,6,70.30690096,0,0,0,0,FALSE,,1
2023-02-16 12:07:32 +0000,Bent Over Barbell Row,6,70.30690096,0,0,0,0,FALSE,,1
2023-02-16 12:07:32 +0000,Good Morning,3,43.0913264,0,0,0,0,TRUE,,1
2023-02-16 12:07:32 +0000,Good Morning,6,52.16318459,0,0,0,0,FALSE,,1
2023-02-16 12:07:32 +0000,Good Morning,6,56.69911368,0,0,0,0,FALSE,,1
2023-02-16 12:07:32 +0000,Good Morning,6,56.69911368,0,0,0,0,FALSE,,1
2023-02-16 12:07:32 +0000,Wide Grip Lat Pulldown,6,56.69911368,0,0,0,0,FALSE,,1
2023-02-16 12:07:32 +0000,Wide Grip Lat Pulldown,5,56.69911368,0,0,0,0,FALSE,,1
2023-02-16 12:07:32 +0000,Lat Pulldown,6,56.69911368,0,0,0,0,FALSE,,1
2023-02-16 12:07:32 +0000,Lat Pulldown,6,56.69911368,0,0,0,0,FALSE,,1
2023-02-14 12:15:59 +0000,Rowing,0,0,240,650,0,0,FALSE,,0
2023-02-14 12:15:59 +0000,Back Squat,3,43.0913264,0,0,0,0,TRUE,,1
2023-02-14 12:15:59 +0000,Back Squat,3,52.16318459,0,0,0,0,TRUE,,1
2023-02-14 12:15:59 +0000,Back Squat,3,61.23504277,0,0,0,0,TRUE,,1
2023-02-14 12:15:59 +0000,Back Squat,6,74.84283006,0,0,0,0,FALSE,,1
2023-02-14 12:15:59 +0000,Back Squat,6,74.84283006,0,0,0,0,FALSE,,1
2023-02-14 12:15:59 +0000,Back Squat,6,74.84283006,0,0,0,0,FALSE,,1
2023-02-14 12:15:59 +0000,Romanian Deadlift,3,83.91468825,0,0,0,0,TRUE,,1
2023-02-14 12:15:59 +0000,Romanian Deadlift,3,92.98654643,0,0,0,0,TRUE,,1
2023-02-14 12:15:59 +0000,Romanian Deadlift,6,102.0584046,0,0,0,0,FALSE,,1
2023-02-14 12:15:59 +0000,Romanian Deadlift,6,102.0584046,0,0,0,0,FALSE,,1
2023-02-14 12:15:59 +0000,Romanian Deadlift,4,102.0584046,0,0,0,0,FALSE,,1
2023-02-13 12:21:32 +0000,Incline Cable Chest Press,3,22.67964547,0,0,0,0,TRUE,,2
2023-02-13 12:21:32 +0000,Incline Cable Chest Press,6,24.94761002,0,0,0,0,FALSE,,2
2023-02-13 12:21:32 +0000,Incline Cable Chest Press,6,24.94761002,0,0,0,0,FALSE,,2
2023-02-13 12:21:32 +0000,Incline Cable Chest Press,3,22.67964547,0,0,0,0,FALSE,,2
2023-02-13 12:21:32 +0000,Barbell Bench Press,3,61.23504277,0,0,0,0,TRUE,,1
2023-02-13 12:21:32 +0000,Barbell Bench Press,4,70.30690096,0,0,0,0,FALSE,,1
2023-02-13 12:21:32 +0000,Cable Crossover Fly,7,13.60778728,0,0,0,0,FALSE,,2
2023-02-13 12:21:32 +0000,Cable Crossover Fly,6,13.60778728,0,0,0,0,FALSE,,2
2023-02-13 12:21:32 +0000,Cable Crossover Fly,5,13.60778728,0,0,0,0,FALSE,,2
2023-02-13 12:21:32 +0000,Hanging Leg Raise,3,0,0,0,0,0,FALSE,,1
2023-02-13 12:21:32 +0000,Hanging Leg Raise,3,0,0,0,0,0,FALSE,,1
2023-02-02 12:06:05 +0000,Barbell Bench Press,5,43.0913264,0,0,0,0,TRUE,,1
2023-02-02 12:06:05 +0000,Barbell Bench Press,5,52.16318459,0,0,0,0,TRUE,,1
2023-02-02 12:06:05 +0000,Barbell Bench Press,5,61.23504277,0,0,0,0,TRUE,,1
2023-02-02 12:06:05 +0000,Barbell Bench Press,3,70.30690096,0,0,0,0,TRUE,,1
2023-02-02 12:06:05 +0000,Barbell Bench Press,3,72.57486551,0,0,0,0,FALSE,,1
2023-02-02 12:06:05 +0000,Barbell Bench Press,3,72.57486551,0,0,0,0,FALSE,,1
2023-02-02 12:06:05 +0000,Barbell Bench Press,3,72.57486551,0,0,0,0,FALSE,,1
2023-02-02 12:06:05 +0000,Incline Cable Chest Press,3,22.67964547,0,0,0,0,TRUE,,2
2023-02-02 12:06:05 +0000,Incline Cable Chest Press,5,24.94761002,0,0,0,0,FALSE,,2
2023-02-02 12:06:05 +0000,Incline Cable Chest Press,4,24.94761002,0,0,0,0,FALSE,,2
2023-02-02 12:06:05 +0000,Incline Cable Chest Press,4,24.94761002,0,0,0,0,FALSE,,2
2023-02-02 12:06:05 +0000,Cable Crossover Fly,5,13.60778728,0,0,0,0,FALSE,,2
2023-02-02 12:06:05 +0000,Cable Crossover Fly,5,13.60778728,0,0,0,0,FALSE,,2
2023-02-02 12:06:05 +0000,Cable Crossover Fly,5,13.60778728,0,0,0,0,FALSE,,2
2023-02-02 12:06:05 +0000,Dumbbell Kickbacks,5,20.41168092,0,0,0,0,FALSE,,2
2023-02-02 12:06:05 +0000,Dumbbell Kickbacks,5,20.41168092,0,0,0,0,FALSE,,2
2023-02-02 12:06:05 +0000,Dumbbell Kickbacks,5,20.41168092,0,0,0,0,FALSE,,2
2023-02-02 12:06:05 +0000,Dumbbell Pullover,5,22.67964547,0,0,0,0,FALSE,,1
2023-02-02 12:06:05 +0000,Dumbbell Pullover,5,20.41168092,0,0,0,0,FALSE,,1
2023-02-02 12:06:05 +0000,Dumbbell Pullover,6,15.87575183,0,0,0,0,FALSE,,1
2023-01-31 12:10:11 +0000,Rowing,0,0,240,650,0,0,FALSE,,0
2023-01-31 12:10:11 +0000,Back Squat,3,43.0913264,0,0,0,0,TRUE,,1
2023-01-31 12:10:11 +0000,Back Squat,3,52.16318459,0,0,0,0,TRUE,,1
2023-01-31 12:10:11 +0000,Back Squat,3,61.23504277,0,0,0,0,TRUE,,1
2023-01-31 12:10:11 +0000,Back Squat,5,70.30690096,0,0,0,0,FALSE,,1
2023-01-31 12:10:11 +0000,Back Squat,5,70.30690096,0,0,0,0,FALSE,,1
2023-01-31 12:10:11 +0000,Back Squat,5,70.30690096,0,0,0,0,FALSE,,1
2023-01-31 12:10:11 +0000,Romanian Deadlift,3,43.0913264,0,0,0,0,TRUE,,1
2023-01-31 12:10:11 +0000,Romanian Deadlift,3,52.16318459,0,0,0,0,TRUE,,1
2023-01-31 12:10:11 +0000,Romanian Deadlift,5,61.23504277,0,0,0,0,TRUE,,1
2023-01-31 12:10:11 +0000,Romanian Deadlift,5,83.91468825,0,0,0,0,TRUE,,1
2023-01-31 12:10:11 +0000,Romanian Deadlift,3,92.98654643,0,0,0,0,FALSE,,1
2023-01-31 12:10:11 +0000,Romanian Deadlift,3,92.98654643,0,0,0,0,FALSE,,1
2023-01-31 12:10:11 +0000,Romanian Deadlift,3,92.98654643,0,0,0,0,FALSE,,1
2023-01-16 12:03:52 +0000,Barbell Bench Press,4,43.0913264,0,0,0,0,TRUE,,1
2023-01-16 12:03:52 +0000,Barbell Bench Press,4,52.16318459,0,0,0,0,TRUE,,1
2023-01-16 12:03:52 +0000,Barbell Bench Press,6,61.23504277,0,0,0,0,FALSE,,1
2023-01-16 12:03:52 +0000,Barbell Bench Press,5,61.23504277,0,0,0,0,FALSE,,1
2023-01-16 12:03:52 +0000,Barbell Bench Press,5,61.23504277,0,0,0,0,FALSE,,1
2023-01-16 12:03:52 +0000,Barbell Bench Press,5,61.23504277,0,0,0,0,FALSE,,1
2023-01-16 12:03:52 +0000,Cable Crossover Fly,8,11.33982274,0,0,0,0,FALSE,,2
2023-01-16 12:03:52 +0000,Cable Crossover Fly,6,12.47380501,0,0,0,0,FALSE,,2
2023-01-16 12:03:52 +0000,Cable Crossover Fly,7,12.47380501,0,0,0,0,FALSE,,2
2023-01-16 12:03:52 +0000,Incline Cable Chest Press,5,20.41168092,0,0,0,0,FALSE,,2
2023-01-16 12:03:52 +0000,Incline Cable Chest Press,5,20.41168092,0,0,0,0,FALSE,,2
2023-01-16 12:03:52 +0000,Incline Cable Chest Press,6,20.41168092,0,0,0,0,FALSE,,2
2023-01-16 12:03:52 +0000,Dumbbell Kickbacks,6,20.41168092,0,0,0,0,FALSE,,2
2023-01-16 12:03:52 +0000,Dumbbell Kickbacks,6,20.41168092,0,0,0,0,FALSE,,2
2023-01-16 12:03:52 +0000,Dumbbell Kickbacks,5,20.41168092,0,0,0,0,FALSE,,2
2023-01-16 12:03:52 +0000,Dumbbell Pullover,6,24.94761002,0,0,0,0,FALSE,,1
2023-01-16 12:03:52 +0000,Dumbbell Pullover,8,22.67964547,0,0,0,0,FALSE,,1
2023-01-16 12:03:52 +0000,Dumbbell Pullover,8,22.67964547,0,0,0,0,FALSE,,1
2023-01-16 12:03:52 +0000,Plate Twist,10,11.33982274,0,0,0,0,FALSE,,2
2023-01-16 12:03:52 +0000,Plate Twist,10,11.33982274,0,0,0,0,FALSE,,2
2023-01-16 12:03:52 +0000,Plate Twist,10,11.33982274,0,0,0,0,FALSE,,2
2023-01-16 12:03:52 +0000,Leg Raise,10,0,0,0,0,0,FALSE,,1
2023-01-16 12:03:52 +0000,Leg Raise,10,0,0,0,0,0,FALSE,,1
2023-01-16 12:03:52 +0000,Leg Raise,10,0,0,0,0,0,FALSE,,1
2023-01-13 12:07:00 +0000,Rowing,0,0,240,650,0,0,FALSE,,0
2023-01-13 12:07:00 +0000,Back Squat,6,61.23504277,0,0,0,0,TRUE,,1
2023-01-13 12:07:00 +0000,Back Squat,10,70.30690096,0,0,0,0,FALSE,,1
2023-01-13 12:07:00 +0000,Back Squat,10,70.30690096,0,0,0,0,FALSE,,1
2023-01-13 12:07:00 +0000,Back Squat,10,70.30690096,0,0,0,0,FALSE,,1
2023-01-13 12:07:00 +0000,Romanian Deadlift,6,61.23504277,0,0,0,0,TRUE,,1
2023-01-13 12:07:00 +0000,Romanian Deadlift,10,70.30690096,0,0,0,0,FALSE,,1
2023-01-13 12:07:00 +0000,Romanian Deadlift,8,70.30690096,0,0,0,0,FALSE,,1
2023-01-13 12:07:00 +0000,Romanian Deadlift,10,70.30690096,0,0,0,0,FALSE,,1
2023-01-13 12:07:00 +0000,T-Bar Row,8,61.23504277,0,0,0,0,TRUE,,1
2023-01-13 12:07:00 +0000,T-Bar Row,10,61.23504277,0,0,0,0,FALSE,,1
2023-01-13 12:07:00 +0000,T-Bar Row,10,61.23504277,0,0,0,0,FALSE,,1
2023-01-13 12:07:00 +0000,T-Bar Row,10,61.23504277,0,0,0,0,FALSE,,1
2023-01-12 12:00:00 +0000,Machine Thigh Adductor,6,68.03893642,0,0,0,0,FALSE,,1
2023-01-12 12:00:00 +0000,Machine Thigh Adductor,6,68.03893642,0,0,0,0,FALSE,,1
2023-01-12 12:00:00 +0000,Machine Thigh Adductor,8,68.03893642,0,0,0,0,FALSE,,1
2023-01-12 12:00:00 +0000,Machine Thigh Abductor,10,68.03893642,0,0,0,0,FALSE,,1
2023-01-12 12:00:00 +0000,Machine Thigh Abductor,10,68.03893642,0,0,0,0,FALSE,,1
2023-01-12 12:00:00 +0000,Machine Thigh Abductor,10,68.03893642,0,0,0,0,FALSE,,1
2023-01-12 12:00:00 +0000,Rowing,0,0,240,650,0,0,FALSE,,0
2023-01-12 12:00:00 +0000,Bent Over Row,8,43.0913264,0,0,0,0,FALSE,,1
2023-01-12 12:00:00 +0000,Bent Over Row,6,52.16318459,0,0,0,0,FALSE,,1
2023-01-12 12:00:00 +0000,Bent Over Row,6,70.30690096,0,0,0,0,FALSE,,1
2023-01-12 12:00:00 +0000,Bent Over Row,6,70.30690096,0,0,0,0,FALSE,,1
2023-01-12 12:00:00 +0000,Bent Over Row,6,70.30690096,0,0,0,0,FALSE,,1
2023-01-12 12:00:00 +0000,Good Morning,6,43.0913264,0,0,0,0,FALSE,,1
2023-01-12 12:00:00 +0000,Good Morning,5,52.16318459,0,0,0,0,FALSE,,1
2023-01-12 12:00:00 +0000,Good Morning,6,61.23504277,0,0,0,0,FALSE,,1
2023-01-12 12:00:00 +0000,Good Morning,6,61.23504277,0,0,0,0,FALSE,,1
2023-01-12 12:00:00 +0000,Good Morning,6,61.23504277,0,0,0,0,FALSE,,1
2023-01-12 12:00:00 +0000,Good Morning,6,61.23504277,0,0,0,0,FALSE,,1
2023-01-12 12:00:00 +0000,Lat Pulldown,12,52.16318459,0,0,0,0,FALSE,,1
2023-01-12 12:00:00 +0000,Lat Pulldown,10,52.16318459,0,0,0,0,FALSE,,1
2023-01-12 12:00:00 +0000,Wide Grip Lat Pulldown,12,52.16318459,0,0,0,0,FALSE,,1
2023-01-12 12:00:00 +0000,Cable Rear Delt Fly,6,11.33982274,0,0,0,0,FALSE,,2
2023-01-12 12:00:00 +0000,Cable Rear Delt Fly,6,11.33982274,0,0,0,0,FALSE,,2
2023-01-12 12:00:00 +0000,Cable Rear Delt Fly,6,11.33982274,0,0,0,0,FALSE,,2
2023-01-12 12:00:00 +0000,Cable Rear Delt Fly,6,11.33982274,0,0,0,0,FALSE,,2
2023-01-12 12:00:00 +0000,EZ-Bar Curl,6,37.42141503,0,0,0,0,FALSE,,1
2023-01-12 12:00:00 +0000,EZ-Bar Curl,6,37.42141503,0,0,0,0,FALSE,,1
2023-01-12 12:00:00 +0000,EZ-Bar Curl,6,37.42141503,0,0,0,0,FALSE,,1
2023-01-12 12:00:00 +0000,EZ-Bar Curl,6,37.42141503,0,0,0,0,FALSE,,1
2023-01-10 12:00:00 +0000,Rowing,0,0,240,650,0,0,FALSE,,0
2023-01-10 12:00:00 +0000,Back Squat,6,61.23504277,0,0,0,0,FALSE,,1
2023-01-10 12:00:00 +0000,Back Squat,10,70.30690096,0,0,0,0,FALSE,,1
2023-01-10 12:00:00 +0000,Back Squat,10,70.30690096,0,0,0,0,FALSE,,1
2023-01-10 12:00:00 +0000,Back Squat,10,70.30690096,0,0,0,0,FALSE,,1
2023-01-10 12:00:00 +0000,Romanian Deadlift,6,61.23504277,0,0,0,0,FALSE,,1
2023-01-10 12:00:00 +0000,Romanian Deadlift,10,70.30690096,0,0,0,0,FALSE,,1
2023-01-10 12:00:00 +0000,Romanian Deadlift,8,70.30690096,0,0,0,0,FALSE,,1
2023-01-10 12:00:00 +0000,Romanian Deadlift,10,70.30690096,0,0,0,0,FALSE,,1
2023-01-10 12:00:00 +0000,T-Bar Row,8,61.23504277,0,0,0,0,FALSE,,1
2023-01-10 12:00:00 +0000,T-Bar Row,10,61.23504277,0,0,0,0,FALSE,,1
2023-01-10 12:00:00 +0000,T-Bar Row,10,61.23504277,0,0,0,0,FALSE,,1
2023-01-10 12:00:00 +0000,T-Bar Row,10,61.23504277,0,0,0,0,FALSE,,1
2023-01-09 13:57:05 +0000,Barbell Bench Press,8,43.0913264,0,0,0,0,TRUE,,1
2023-01-09 13:57:05 +0000,Barbell Bench Press,6,61.23504277,0,0,0,0,FALSE,,1
2023-01-09 13:57:05 +0000,Barbell Bench Press,6,61.23504277,0,0,0,0,FALSE,,1
2023-01-09 13:57:05 +0000,Barbell Bench Press,6,61.23504277,0,0,0,0,FALSE,,1
2023-01-09 13:57:05 +0000,Incline Cable Chest Press,8,36.28743275,0,0,0,0,FALSE,,2
2023-01-09 13:57:05 +0000,Incline Cable Chest Press,8,36.28743275,0,0,0,0,FALSE,,2
2023-01-09 13:57:05 +0000,Incline Cable Chest Press,8,36.28743275,0,0,0,0,FALSE,,2
2023-01-09 13:57:05 +0000,Cable Crossover Fly,10,10.20584046,0,0,0,0,FALSE,,2
2023-01-09 13:57:05 +0000,Cable Crossover Fly,10,10.20584046,0,0,0,0,FALSE,,2
2023-01-09 13:57:05 +0000,Cable Crossover Fly,10,10.20584046,0,0,0,0,FALSE,,2
2023-01-09 13:57:05 +0000,Dumbbell Kickbacks,10,15.87575183,0,0,0,0,FALSE,,2
2023-01-09 13:57:05 +0000,Dumbbell Kickbacks,10,15.87575183,0,0,0,0,FALSE,,2
2023-01-09 13:57:05 +0000,Dumbbell Kickbacks,10,15.87575183,0,0,0,0,FALSE,,2
2023-01-09 13:57:05 +0000,Dumbbell Pullover,6,24.94761002,0,0,0,0,FALSE,,1
2023-01-09 13:57:05 +0000,Dumbbell Pullover,6,24.94761002,0,0,0,0,FALSE,,1
2023-01-03 12:00:00 +0000,Rowing,0,0,240,650,0,0,FALSE,,0
2023-01-03 12:00:00 +0000,Back Squat,10,61.23504277,0,0,0,0,FALSE,,1
2023-01-03 12:00:00 +0000,Back Squat,8,70.30690096,0,0,0,0,FALSE,,1
2023-01-03 12:00:00 +0000,Back Squat,8,70.30690096,0,0,0,0,FALSE,,1
2023-01-03 12:00:00 +0000,Romanian Deadlift,12,61.23504277,0,0,0,0,FALSE,,1
2023-01-03 12:00:00 +0000,Romanian Deadlift,8,70.30690096,0,0,0,0,FALSE,,1
2023-01-03 12:00:00 +0000,Romanian Deadlift,8,70.30690096,0,0,0,0,FALSE,,1
2023-01-03 12:00:00 +0000,T-Bar Row,10,61.23504277,0,0,0,0,FALSE,,1
2023-01-03 12:00:00 +0000,T-Bar Row,9,61.23504277,0,0,0,0,FALSE,,1
2023-01-03 12:00:00 +0000,T-Bar Row,10,61.23504277,0,0,0,0,FALSE,,1
2023-01-03 12:00:00 +0000,Seated Leg Curl,12,63.50300732,0,0,0,0,FALSE,,1
2023-01-03 12:00:00 +0000,Seated Leg Curl,10,63.50300732,0,0,0,0,FALSE,,1
2023-01-03 12:00:00 +0000,Seated Leg Curl,11,63.50300732,0,0,0,0,FALSE,,1
,,,,,,,,,,
2022-12-20 12:00:00 +0000,Seated Machine Calf Press,12,149.6856601,0,0,0,0,FALSE,,1
2022-12-20 12:00:00 +0000,Seated Machine Calf Press,12,149.6856601,0,0,0,0,FALSE,,1
2022-12-20 12:00:00 +0000,Rowing,0,0,240,650,0,0,FALSE,,0
2022-12-20 12:00:00 +0000,Back Squat,8,61.23504277,0,0,0,0,FALSE,,1
2022-12-20 12:00:00 +0000,Back Squat,10,61.23504277,0,0,0,0,FALSE,,1
2022-12-20 12:00:00 +0000,Back Squat,10,61.23504277,0,0,0,0,FALSE,,1
2022-12-20 12:00:00 +0000,Romanian Deadlift,10,61.23504277,0,0,0,0,FALSE,,1
2022-12-20 12:00:00 +0000,Romanian Deadlift,10,61.23504277,0,0,0,0,FALSE,,1
2022-12-20 12:00:00 +0000,Romanian Deadlift,12,61.23504277,0,0,0,0,FALSE,,1
2022-12-20 12:00:00 +0000,T-Bar Row,8,61.23504277,0,0,0,0,FALSE,,1
2022-12-20 12:00:00 +0000,T-Bar Row,7,61.23504277,0,0,0,0,FALSE,,1
2022-12-20 12:00:00 +0000,T-Bar Row,5,61.23504277,0,0,0,0,FALSE,,1
2022-12-20 12:00:00 +0000,T-Bar Row,6,61.23504277,0,0,0,0,FALSE,,1
2022-12-20 12:00:00 +0000,Seated Leg Curl,12,63.50300732,0,0,0,0,FALSE,,1
2022-12-20 12:00:00 +0000,Seated Leg Curl,12,63.50300732,0,0,0,0,FALSE,,1
2022-12-20 12:00:00 +0000,Seated Leg Curl,12,63.50300732,0,0,0,0,FALSE,,1
2022-10-27 11:00:00 +0000,Rowing,0,0,240,650,0,0,FALSE,,0
2022-10-27 11:00:00 +0000,Romanian Deadlift,10,61.23504277,0,0,0,0,FALSE,,1
2022-10-27 11:00:00 +0000,Romanian Deadlift,6,65.77097187,0,0,0,0,FALSE,,1
2022-10-27 11:00:00 +0000,Romanian Deadlift,8,65.77097187,0,0,0,0,FALSE,,1
2022-10-27 11:00:00 +0000,Standing Arnold Press,10,11.33982274,0,0,0,0,FALSE,,2
2022-10-27 11:00:00 +0000,Standing Arnold Press,8,15.87575183,0,0,0,0,FALSE,,2
2022-10-27 11:00:00 +0000,Standing Arnold Press,8,15.87575183,0,0,0,0,FALSE,,2
2022-10-27 11:00:00 +0000,Standing Arnold Press,7,15.87575183,0,0,0,0,FALSE,,2
2022-10-27 11:00:00 +0000,Standing Arnold Press,7,15.87575183,0,0,0,0,FALSE,,2
2022-10-27 11:00:00 +0000,Dumbbell Lateral Raise,10,11.33982274,0,0,0,0,FALSE,,2
2022-10-27 11:00:00 +0000,Dumbbell Lateral Raise,8,11.33982274,0,0,0,0,FALSE,,2
2022-10-27 11:00:00 +0000,Dumbbell Lateral Raise,6,11.33982274,0,0,0,0,FALSE,,2
2022-10-27 11:00:00 +0000,Dumbbell Reverse Fly,10,6.803893642,0,0,0,0,FALSE,,2
2022-10-27 11:00:00 +0000,Dumbbell Reverse Fly,8,6.803893642,0,0,0,0,FALSE,,2
2022-10-27 11:00:00 +0000,Dumbbell Reverse Fly,6,6.803893642,0,0,0,0,FALSE,,2
2022-10-27 11:00:00 +0000,Cable Rope Tricep Extension,10,24.94761002,0,0,0,0,FALSE,,1
2022-10-27 11:00:00 +0000,Cable Rope Tricep Extension,10,24.94761002,0,0,0,0,FALSE,,1
2022-10-27 11:00:00 +0000,Cable Rope Tricep Extension,10,24.94761002,0,0,0,0,FALSE,,1
2022-10-27 11:00:00 +0000,Dumbbell Curl,10,11.33982274,0,0,0,0,FALSE,,2
2022-10-27 11:00:00 +0000,Dumbbell Curl,10,11.33982274,0,0,0,0,FALSE,,2
2022-10-27 11:00:00 +0000,Dumbbell Curl,10,11.33982274,0,0,0,0,FALSE,,2
2022-10-25 11:00:00 +0000,Rowing,0,0,240,650,0,0,FALSE,,0
2022-10-25 11:00:00 +0000,Lat Pulldown,10,47.62725549,0,0,0,0,FALSE,,1
2022-10-25 11:00:00 +0000,Lat Pulldown,10,47.62725549,0,0,0,0,FALSE,,1
2022-10-25 11:00:00 +0000,Lat Pulldown,10,49.89522004,0,0,0,0,FALSE,,1
2022-10-25 11:00:00 +0000,Machine Row,8,49.89522004,0,0,0,0,FALSE,,1
2022-10-25 11:00:00 +0000,Machine Row,9,49.89522004,0,0,0,0,FALSE,,1
2022-10-25 11:00:00 +0000,Machine Row,8,49.89522004,0,0,0,0,FALSE,,1
2022-10-25 11:00:00 +0000,Incline Dumbbell Row,8,40.82336185,0,0,0,0,FALSE,,2
2022-10-25 11:00:00 +0000,Incline Dumbbell Row,8,40.82336185,0,0,0,0,FALSE,,2
2022-10-25 11:00:00 +0000,Incline Dumbbell Row,8,40.82336185,0,0,0,0,FALSE,,2
2022-10-25 11:00:00 +0000,Cable Face Pull,12,23.81362775,0,0,0,0,FALSE,,1
2022-10-25 11:00:00 +0000,Cable Face Pull,12,23.81362775,0,0,0,0,FALSE,,1
2022-10-25 11:00:00 +0000,Cable Face Pull,12,23.81362775,0,0,0,0,FALSE,,1
2022-10-25 11:00:00 +0000,Dumbbell Curl,10,15.87575183,0,0,0,0,FALSE,,2
2022-10-25 11:00:00 +0000,Dumbbell Curl,10,15.87575183,0,0,0,0,FALSE,,2
2022-10-25 11:00:00 +0000,Dumbbell Curl,10,15.87575183,0,0,0,0,FALSE,,2
2022-10-25 11:00:00 +0000,Machine Thigh Abductor,12,63.50300732,0,0,0,0,FALSE,,1
2022-10-25 11:00:00 +0000,Machine Thigh Abductor,12,63.50300732,0,0,0,0,FALSE,,1
2022-10-25 11:00:00 +0000,Machine Thigh Abductor,12,63.50300732,0,0,0,0,FALSE,,1
