Date,Workout Name,Duration,Exercise Name,Set Order,Weight,Reps,Distance,Seconds,Notes,Workout Notes,RPE
2022-10-25 08:00:00,"3) Back & Biceps 1",1h 20min,"Rowing (Machine)",1,0,0,0.5,240,"","",
2022-10-25 08:00:00,"3) Back & Biceps 1",1h 20min,"Lat Pulldown (Cable)",1,105.0,10,0,0,"",,
2022-10-25 08:00:00,"3) Back & Biceps 1",1h 20min,"Lat Pulldown (Cable)",2,105.0,10,0,0,,,
2022-10-25 08:00:00,"3) Back & Biceps 1",1h 20min,"Lat Pulldown (Cable)",3,110.0,10,0,0,,,
2022-10-25 08:00:00,"3) Back & Biceps 1",1h 20min,"Iso-Lateral Row (Machine)",1,110.0,8,0,0,"",,
2022-10-25 08:00:00,"3) Back & Biceps 1",1h 20min,"Iso-Lateral Row (Machine)",2,110.0,9,0,0,,,
2022-10-25 08:00:00,"3) Back & Biceps 1",1h 20min,"Iso-Lateral Row (Machine)",3,110.0,8,0,0,,,
2022-10-25 08:00:00,"3) Back & Biceps 1",1h 20min,"Incline Row (Dumbbell)",1,90.0,8,0,0,"",,
2022-10-25 08:00:00,"3) Back & Biceps 1",1h 20min,"Incline Row (Dumbbell)",2,90.0,8,0,0,,,
2022-10-25 08:00:00,"3) Back & Biceps 1",1h 20min,"Incline Row (Dumbbell)",3,90.0,8,0,0,,,
2022-10-25 08:00:00,"3) Back & Biceps 1",1h 20min,"Face Pull (Cable)",1,52.5,12,0,0,"",,
2022-10-25 08:00:00,"3) Back & Biceps 1",1h 20min,"Face Pull (Cable)",2,52.5,12,0,0,,,
2022-10-25 08:00:00,"3) Back & Biceps 1",1h 20min,"Face Pull (Cable)",3,52.5,12,0,0,,,
2022-10-25 08:00:00,"3) Back & Biceps 1",1h 20min,"Bicep Curl (Dumbbell)",1,35.0,10,0,0,"",,
2022-10-25 08:00:00,"3) Back & Biceps 1",1h 20min,"Bicep Curl (Dumbbell)",2,35.0,10,0,0,,,
2022-10-25 08:00:00,"3) Back & Biceps 1",1h 20min,"Bicep Curl (Dumbbell)",3,35.0,10,0,0,,,
2022-10-25 08:00:00,"3) Back & Biceps 1",1h 20min,"Hip Abductor (Machine)",1,140.0,12,0,0,"",,
2022-10-25 08:00:00,"3) Back & Biceps 1",1h 20min,"Hip Abductor (Machine)",2,140.0,12,0,0,,,
2022-10-25 08:00:00,"3) Back & Biceps 1",1h 20min,"Hip Abductor (Machine)",3,140.0,15,0,0,,,
2022-10-27 08:10:00,"4) Shoulders & Arms 1",1h 10min,"Rowing (Machine)",1,0,0,0.5,240,"","",
2022-10-27 08:10:00,"4) Shoulders & Arms 1",1h 10min,"Romanian Deadlift (Barbell)",1,135.0,10,0,0,"",,
2022-10-27 08:10:00,"4) Shoulders & Arms 1",1h 10min,"Romanian Deadlift (Barbell)",2,145.0,6,0,0,,,
2022-10-27 08:10:00,"4) Shoulders & Arms 1",1h 10min,"Romanian Deadlift (Barbell)",3,145.0,8,0,0,,,
2022-10-27 08:10:00,"4) Shoulders & Arms 1",1h 10min,"Romanian Deadlift (Barbell)",4,145.0,0,0,0,,,
2022-10-27 08:10:00,"4) Shoulders & Arms 1",1h 10min,"Arnold Press (Dumbbell)",1,25.0,10,0,0,"",,
2022-10-27 08:10:00,"4) Shoulders & Arms 1",1h 10min,"Arnold Press (Dumbbell)",2,35.0,8,0,0,,,
2022-10-27 08:10:00,"4) Shoulders & Arms 1",1h 10min,"Arnold Press (Dumbbell)",3,35.0,8,0,0,,,
2022-10-27 08:10:00,"4) Shoulders & Arms 1",1h 10min,"Arnold Press (Dumbbell)",4,35.0,7,0,0,,,
2022-10-27 08:10:00,"4) Shoulders & Arms 1",1h 10min,"Arnold Press (Dumbbell)",5,35.0,7,0,0,,,
2022-10-27 08:10:00,"4) Shoulders & Arms 1",1h 10min,"Lateral Raise (Dumbbell)",1,25.0,10,0,0,"",,
2022-10-27 08:10:00,"4) Shoulders & Arms 1",1h 10min,"Lateral Raise (Dumbbell)",2,25.0,8,0,0,,,
2022-10-27 08:10:00,"4) Shoulders & Arms 1",1h 10min,"Lateral Raise (Dumbbell)",3,25.0,6,0,0,,,
2022-10-27 08:10:00,"4) Shoulders & Arms 1",1h 10min,"Reverse Fly (Cable)",1,15.0,10,0,0,"",,
2022-10-27 08:10:00,"4) Shoulders & Arms 1",1h 10min,"Reverse Fly (Cable)",2,15.0,8,0,0,,,
2022-10-27 08:10:00,"4) Shoulders & Arms 1",1h 10min,"Reverse Fly (Cable)",3,15.0,6,0,0,,,
2022-10-27 08:10:00,"4) Shoulders & Arms 1",1h 10min,"Triceps Extension (Cable)",1,55.0,10,0,0,"",,
2022-10-27 08:10:00,"4) Shoulders & Arms 1",1h 10min,"Triceps Extension (Cable)",2,55.0,10,0,0,,,
2022-10-27 08:10:00,"4) Shoulders & Arms 1",1h 10min,"Triceps Extension (Cable)",3,55.0,10,0,0,,,
2022-10-27 08:10:00,"4) Shoulders & Arms 1",1h 10min,"Bicep Curl (Cable)",1,25.0,10,0,0,"",,
2022-10-27 08:10:00,"4) Shoulders & Arms 1",1h 10min,"Bicep Curl (Cable)",2,25.0,10,0,0,,,
2022-10-27 08:10:00,"4) Shoulders & Arms 1",1h 10min,"Bicep Curl (Cable)",3,25.0,10,0,0,,,
2022-10-28 08:30:00,"1) Chest 1",50min,"Rowing (Machine)",1,0,0,0.5,240,"","",
2022-10-28 08:30:00,"1) Chest 1",50min,"Bench Press (Barbell)",1,115.0,10,0,0,"",,
2022-10-28 08:30:00,"1) Chest 1",50min,"Bench Press (Barbell)",2,125.0,8,0,0,,,
2022-10-28 08:30:00,"1) Chest 1",50min,"Bench Press (Barbell)",3,125.0,8,0,0,,,
2022-10-28 08:30:00,"1) Chest 1",50min,"Bench Press (Barbell)",4,125.0,6,0,0,,,
2022-10-28 08:30:00,"1) Chest 1",50min,"Incline Bench Press (Dumbbell)",1,45.0,8,0,0,"",,
2022-10-28 08:30:00,"1) Chest 1",50min,"Incline Bench Press (Dumbbell)",2,45.0,8,0,0,,,
2022-10-28 08:30:00,"1) Chest 1",50min,"Incline Bench Press (Dumbbell)",3,45.0,3,0,0,,,
2022-10-28 08:30:00,"1) Chest 1",50min,"Cable Crossover",1,37.49999999999999,15,0,0,"",,
2022-10-28 08:30:00,"1) Chest 1",50min,"Cable Crossover",2,45.0,10,0,0,,,
2022-10-28 08:30:00,"1) Chest 1",50min,"Cable Crossover",3,45.0,6,0,0,,,
2022-10-28 08:30:00,"1) Chest 1",50min,"Triceps Pushdown (Cable - Straight Bar)",1,55.0,10,0,0,"",,
2022-10-28 08:30:00,"1) Chest 1",50min,"Triceps Pushdown (Cable - Straight Bar)",2,60.0,10,0,0,,,
2022-10-28 08:30:00,"1) Chest 1",50min,"Triceps Pushdown (Cable - Straight Bar)",3,60.0,10,0,0,,,
2022-10-28 08:30:00,"1) Chest 1",50min,"Skullcrusher (Dumbbell)",1,20.0,10,0,0,"",,
2022-10-28 08:30:00,"1) Chest 1",50min,"Skullcrusher (Dumbbell)",2,20.0,10,0,0,,,
2022-10-28 08:30:00,"1) Chest 1",50min,"Skullcrusher (Dumbbell)",3,20.0,8,0,0,,,
2022-10-28 08:30:00,"1) Chest 1",50min,"Cable Crunch",1,74.99999999999999,12,0,0,"",,
2022-10-28 08:30:00,"1) Chest 1",50min,"Cable Crunch",2,74.99999999999999,12,0,0,,,
2022-10-31 08:15:00,"Foundation Block 1 - 2) Legs & Abs",1h 10min,"Rowing (Machine)",1,0,0,0,240,"","",
2022-10-31 08:15:00,"Foundation Block 1 - 2) Legs & Abs",1h 10min,"Squat (Barbell)",1,135.0,8,0,0,"",,
2022-10-31 08:15:00,"Foundation Block 1 - 2) Legs & Abs",1h 10min,"Squat (Barbell)",2,145.0,8,0,0,,,
2022-10-31 08:15:00,"Foundation Block 1 - 2) Legs & Abs",1h 10min,"Squat (Barbell)",3,145.0,10,0,0,,,
2022-10-31 08:15:00,"Foundation Block 1 - 2) Legs & Abs",1h 10min,"Squat (Barbell)",4,145.0,10,0,0,,,
2022-10-31 08:15:00,"Foundation Block 1 - 2) Legs & Abs",1h 10min,"Deadlift (Barbell)",1,145.0,8,0,0,"",,
2022-10-31 08:15:00,"Foundation Block 1 - 2) Legs & Abs",1h 10min,"Deadlift (Barbell)",2,145.0,8,0,0,,,
2022-10-31 08:15:00,"Foundation Block 1 - 2) Legs & Abs",1h 10min,"Deadlift (Barbell)",3,145.0,10,0,0,,,
2022-10-31 08:15:00,"Foundation Block 1 - 2) Legs & Abs",1h 10min,"Seated Leg Curl (Machine)",1,120.0,10,0,0,"",,
2022-10-31 08:15:00,"Foundation Block 1 - 2) Legs & Abs",1h 10min,"Seated Leg Curl (Machine)",2,120.0,10,0,0,,,
2022-10-31 08:15:00,"Foundation Block 1 - 2) Legs & Abs",1h 10min,"Seated Leg Curl (Machine)",3,120.0,12,0,0,,,
2022-10-31 08:15:00,"Foundation Block 1 - 2) Legs & Abs",1h 10min,"Leg Extension (Machine)",1,160.0,12,0,0,"",,
2022-10-31 08:15:00,"Foundation Block 1 - 2) Legs & Abs",1h 10min,"Leg Extension (Machine)",2,160.0,12,0,0,,,
2022-10-31 08:15:00,"Foundation Block 1 - 2) Legs & Abs",1h 10min,"Leg Extension (Machine)",3,160.0,12,0,0,,,
2022-10-31 08:15:00,"Foundation Block 1 - 2) Legs & Abs",1h 10min,"Seated Leg Press (Machine)",1,310.0,8,0,0,"",,
2022-10-31 08:15:00,"Foundation Block 1 - 2) Legs & Abs",1h 10min,"Seated Leg Press (Machine)",2,310.0,6,0,0,,,
2022-10-31 08:15:00,"Foundation Block 1 - 2) Legs & Abs",1h 10min,"Seated Leg Press (Machine)",3,310.0,6,0,0,,,
2022-10-31 08:15:00,"Foundation Block 1 - 2) Legs & Abs",1h 10min,"Calf Press on Seated Leg Press",1,290.0,12,0,0,"",,
2022-10-31 08:15:00,"Foundation Block 1 - 2) Legs & Abs",1h 10min,"Calf Press on Seated Leg Press",2,290.0,21,0,0,,,
2022-11-01 08:01:51,"3) Back & Biceps 1",1h,"Rowing (Machine)",1,0,0,0.5,240,"","",
2022-11-01 08:01:51,"3) Back & Biceps 1",1h,"Lat Pulldown (Cable)",1,105.0,10,0,0,"",,
2022-11-01 08:01:51,"3) Back & Biceps 1",1h,"Lat Pulldown (Cable)",2,115.0,10,0,0,,,
2022-11-01 08:01:51,"3) Back & Biceps 1",1h,"Lat Pulldown (Cable)",3,115.0,8,0,0,,,
2022-11-01 08:01:51,"3) Back & Biceps 1",1h,"Iso-Lateral Row (Machine)",1,120.0,9,0,0,"",,
2022-11-01 08:01:51,"3) Back & Biceps 1",1h,"Iso-Lateral Row (Machine)",2,120.0,8,0,0,,,
2022-11-01 08:01:51,"3) Back & Biceps 1",1h,"Iso-Lateral Row (Machine)",3,120.0,8,0,0,,,
2022-11-01 08:01:51,"3) Back & Biceps 1",1h,"Incline Row (Dumbbell)",1,90.0,9,0,0,"",,
2022-11-01 08:01:51,"3) Back & Biceps 1",1h,"Incline Row (Dumbbell)",2,90.0,10,0,0,,,
2022-11-01 08:01:51,"3) Back & Biceps 1",1h,"Incline Row (Dumbbell)",3,90.0,8,0,0,,,
2022-11-01 08:01:51,"3) Back & Biceps 1",1h,"Face Pull (Cable)",1,52.5,12,0,0,"",,
2022-11-01 08:01:51,"3) Back & Biceps 1",1h,"Face Pull (Cable)",2,55.0,12,0,0,,,
2022-11-01 08:01:51,"3) Back & Biceps 1",1h,"Face Pull (Cable)",3,57.5,12,0,0,,,
2022-11-01 08:01:51,"3) Back & Biceps 1",1h,"Bicep Curl (Dumbbell)",1,35.0,6,0,0,"",,
2022-11-01 08:01:51,"3) Back & Biceps 1",1h,"Bicep Curl (Dumbbell)",2,35.0,4,0,0,,,
2022-11-01 08:01:51,"3) Back & Biceps 1",1h,"Bicep Curl (Dumbbell)",3,30.0,6,0,0,,,
2022-11-01 08:01:51,"3) Back & Biceps 1",1h,"Bicep Curl (Dumbbell)",4,30.0,9,0,0,,,
2022-11-01 08:01:51,"3) Back & Biceps 1",1h,"Hip Abductor (Machine)",1,140.0,12,0,0,"",,
2022-11-01 08:01:51,"3) Back & Biceps 1",1h,"Hip Abductor (Machine)",2,149.99999999999997,10,0,0,,,
2022-11-01 08:01:51,"3) Back & Biceps 1",1h,"Hip Abductor (Machine)",3,149.99999999999997,12,0,0,,,
2022-11-03 08:11:48,"4) Shoulders & Arms 1",1h 5min,"Rowing (Machine)",1,0,0,0.5,240,"","",
2022-11-03 08:11:48,"4) Shoulders & Arms 1",1h 5min,"Romanian Deadlift (Barbell)",1,145.0,10,0,0,"",,
2022-11-03 08:11:48,"4) Shoulders & Arms 1",1h 5min,"Romanian Deadlift (Barbell)",2,145.0,8,0,0,,,
2022-11-03 08:11:48,"4) Shoulders & Arms 1",1h 5min,"Romanian Deadlift (Barbell)",3,145.0,0,0,0,,,
2022-11-03 08:11:48,"4) Shoulders & Arms 1",1h 5min,"Arnold Press (Dumbbell)",1,25.0,10,0,0,"",,
2022-11-03 08:11:48,"4) Shoulders & Arms 1",1h 5min,"Arnold Press (Dumbbell)",2,35.0,8,0,0,,,
2022-11-03 08:11:48,"4) Shoulders & Arms 1",1h 5min,"Arnold Press (Dumbbell)",3,35.0,8,0,0,,,
2022-11-03 08:11:48,"4) Shoulders & Arms 1",1h 5min,"Arnold Press (Dumbbell)",4,35.0,7,0,0,,,
2022-11-03 08:11:48,"4) Shoulders & Arms 1",1h 5min,"Lateral Raise (Dumbbell)",1,17.5,6,0,0,"",,
2022-11-03 08:11:48,"4) Shoulders & Arms 1",1h 5min,"Lateral Raise (Dumbbell)",2,15.0,10,0,0,,,
2022-11-03 08:11:48,"4) Shoulders & Arms 1",1h 5min,"Lateral Raise (Dumbbell)",3,15.0,6,0,0,,,
2022-11-03 08:11:48,"4) Shoulders & Arms 1",1h 5min,"Reverse Fly (Cable)",1,15.0,10,0,0,"",,
2022-11-03 08:11:48,"4) Shoulders & Arms 1",1h 5min,"Reverse Fly (Cable)",2,10.0,8,0,0,,,
2022-11-03 08:11:48,"4) Shoulders & Arms 1",1h 5min,"Reverse Fly (Cable)",3,15.0,6,0,0,,,
2022-11-03 08:11:48,"4) Shoulders & Arms 1",1h 5min,"Triceps Extension (Cable)",1,55.0,10,0,0,"",,
2022-11-03 08:11:48,"4) Shoulders & Arms 1",1h 5min,"Triceps Extension (Cable)",2,55.0,8,0,0,,,
2022-11-03 08:11:48,"4) Shoulders & Arms 1",1h 5min,"Triceps Extension (Cable)",3,50.0,10,0,0,,,
2022-11-03 08:11:48,"4) Shoulders & Arms 1",1h 5min,"Bicep Curl (Cable)",1,50.0,10,0,0,"",,
2022-11-03 08:11:48,"4) Shoulders & Arms 1",1h 5min,"Bicep Curl (Cable)",2,50.0,7,0,0,,,
2022-11-03 08:11:48,"4) Shoulders & Arms 1",1h 5min,"Bicep Curl (Cable)",3,47.5,10,0,0,,,
2022-11-04 08:04:36,"1) Chest 1",58min,"Rowing (Machine)",1,0,0,0.5,240,"","",
2022-11-04 08:04:36,"1) Chest 1",58min,"Bench Press (Barbell)",1,115.0,10,0,0,"",,
2022-11-04 08:04:36,"1) Chest 1",58min,"Bench Press (Barbell)",2,135.0,6,0,0,,,
2022-11-04 08:04:36,"1) Chest 1",58min,"Bench Press (Barbell)",3,135.0,7,0,0,,,
2022-11-04 08:04:36,"1) Chest 1",58min,"Bench Press (Barbell)",4,135.0,5,0,0,,,
2022-11-04 08:04:36,"1) Chest 1",58min,"Incline Bench Press (Dumbbell)",1,45.0,10,0,0,"",,
2022-11-04 08:04:36,"1) Chest 1",58min,"Incline Bench Press (Dumbbell)",2,45.0,9,0,0,,,
2022-11-04 08:04:36,"1) Chest 1",58min,"Incline Bench Press (Dumbbell)",3,90.0,8,0,0,,,
2022-11-04 08:04:36,"1) Chest 1",58min,"Cable Crossover",1,45.0,10,0,0,"",,
2022-11-04 08:04:36,"1) Chest 1",58min,"Cable Crossover",2,45.0,10,0,0,,,
2022-11-04 08:04:36,"1) Chest 1",58min,"Cable Crossover",3,45.0,7,0,0,,,
2022-11-04 08:04:36,"1) Chest 1",58min,"Triceps Pushdown (Cable - Straight Bar)",1,60.0,12,0,0,"",,
2022-11-04 08:04:36,"1) Chest 1",58min,"Triceps Pushdown (Cable - Straight Bar)",2,62.5,10,0,0,,,
2022-11-04 08:04:36,"1) Chest 1",58min,"Triceps Pushdown (Cable - Straight Bar)",3,62.5,7,0,0,,,
2022-11-04 08:04:36,"1) Chest 1",58min,"Skullcrusher (Dumbbell)",1,20.0,6,0,0,"",,
2022-11-04 08:04:36,"1) Chest 1",58min,"Skullcrusher (Dumbbell)",2,20.0,10,0,0,,,
2022-11-04 08:04:36,"1) Chest 1",58min,"Skullcrusher (Dumbbell)",3,20.0,7,0,0,,,
2022-11-04 08:04:36,"1) Chest 1",58min,"Cable Crunch",1,74.99999999999999,12,0,0,"",,
2022-11-04 08:04:36,"1) Chest 1",58min,"Cable Crunch",2,74.99999999999999,12,0,0,,,
2022-11-08 08:06:19,"2) Legs & Abs 1",1h 12min,"Rowing (Machine)",1,0,0,0.5,240,"","",
2022-11-08 08:06:19,"2) Legs & Abs 1",1h 12min,"Squat (Barbell)",1,135.0,8,0,0,"",,
2022-11-08 08:06:19,"2) Legs & Abs 1",1h 12min,"Squat (Barbell)",2,155.0,10,0,0,,,
2022-11-08 08:06:19,"2) Legs & Abs 1",1h 12min,"Squat (Barbell)",3,155.0,10,0,0,,,
2022-11-08 08:06:19,"2) Legs & Abs 1",1h 12min,"Squat (Barbell)",4,155.0,8,0,0,,,
2022-11-08 08:06:19,"2) Legs & Abs 1",1h 12min,"Deadlift (Barbell)",1,155.0,8,0,0,"",,
2022-11-08 08:06:19,"2) Legs & Abs 1",1h 12min,"Deadlift (Barbell)",2,155.0,10,0,0,,,
2022-11-08 08:06:19,"2) Legs & Abs 1",1h 12min,"Deadlift (Barbell)",3,155.0,10,0,0,,,
2022-11-08 08:06:19,"2) Legs & Abs 1",1h 12min,"Seated Leg Curl (Machine)",1,140.0,10,0,0,"",,
2022-11-08 08:06:19,"2) Legs & Abs 1",1h 12min,"Seated Leg Curl (Machine)",2,140.0,10,0,0,,,
2022-11-08 08:06:19,"2) Legs & Abs 1",1h 12min,"Seated Leg Curl (Machine)",3,140.0,8,0,0,,,
2022-11-08 08:06:19,"2) Legs & Abs 1",1h 12min,"Leg Extension (Machine)",1,180.0,10,0,0,"",,
2022-11-08 08:06:19,"2) Legs & Abs 1",1h 12min,"Leg Extension (Machine)",2,180.0,10,0,0,,,
2022-11-08 08:06:19,"2) Legs & Abs 1",1h 12min,"Leg Extension (Machine)",3,180.0,10,0,0,,,
2022-11-08 08:06:19,"2) Legs & Abs 1",1h 12min,"Seated Leg Press (Machine)",1,310.0,8,0,0,"",,
2022-11-08 08:06:19,"2) Legs & Abs 1",1h 12min,"Seated Leg Press (Machine)",2,310.0,8,0,0,,,
2022-11-08 08:06:19,"2) Legs & Abs 1",1h 12min,"Seated Leg Press (Machine)",3,310.0,6,0,0,,,
2022-11-15 08:14:05,"3) Back & Biceps 1",1h 3min,"Rowing (Machine)",1,0,0,0.5,240,"","",
2022-11-15 08:14:05,"3) Back & Biceps 1",1h 3min,"Lat Pulldown (Cable)",1,105.0,12,0,0,"",,
2022-11-15 08:14:05,"3) Back & Biceps 1",1h 3min,"Lat Pulldown (Cable)",2,115.0,10,0,0,,,
2022-11-15 08:14:05,"3) Back & Biceps 1",1h 3min,"Lat Pulldown (Cable)",3,115.0,10,0,0,,,
2022-11-15 08:14:05,"3) Back & Biceps 1",1h 3min,"Iso-Lateral Row (Machine)",1,120.0,9,0,0,"",,
2022-11-15 08:14:05,"3) Back & Biceps 1",1h 3min,"Iso-Lateral Row (Machine)",2,120.0,10,0,0,,,
2022-11-15 08:14:05,"3) Back & Biceps 1",1h 3min,"Iso-Lateral Row (Machine)",3,120.0,8,0,0,,,
2022-11-15 08:14:05,"3) Back & Biceps 1",1h 3min,"T Bar Row",1,135.0,10,0,0,"",,
2022-11-15 08:14:05,"3) Back & Biceps 1",1h 3min,"T Bar Row",2,160.0,8,0,0,,,
2022-11-15 08:14:05,"3) Back & Biceps 1",1h 3min,"T Bar Row",3,160.0,8,0,0,,,
2022-11-15 08:14:05,"3) Back & Biceps 1",1h 3min,"Face Pull (Cable)",1,57.5,10,0,0,"",,
2022-11-15 08:14:05,"3) Back & Biceps 1",1h 3min,"Face Pull (Cable)",2,57.5,12,0,0,,,
2022-11-15 08:14:05,"3) Back & Biceps 1",1h 3min,"Face Pull (Cable)",3,60.0,9,0,0,,,
2022-11-15 08:14:05,"3) Back & Biceps 1",1h 3min,"Bicep Curl (Dumbbell)",1,35.0,10,0,0,"",,
2022-11-15 08:14:05,"3) Back & Biceps 1",1h 3min,"Bicep Curl (Dumbbell)",2,35.0,12,0,0,,,
2022-11-15 08:14:05,"3) Back & Biceps 1",1h 3min,"Bicep Curl (Dumbbell)",3,37.49999999999999,8,0,0,,,
2022-11-15 08:14:05,"3) Back & Biceps 1",1h 3min,"Hip Abductor (Machine)",1,149.99999999999997,10,0,0,"",,
2022-11-15 08:14:05,"3) Back & Biceps 1",1h 3min,"Hip Abductor (Machine)",2,149.99999999999997,10,0,0,,,
2022-11-15 08:14:05,"3) Back & Biceps 1",1h 3min,"Hip Abductor (Machine)",3,149.99999999999997,12,0,0,,,
2022-11-16 08:15:28,"4) Shoulders & Arms 1",1h 18min,"Rowing (Machine)",1,0,0,0.5,240,"","",
2022-11-16 08:15:28,"4) Shoulders & Arms 1",1h 18min,"Romanian Deadlift (Barbell)",1,155.0,8,0,0,"",,
2022-11-16 08:15:28,"4) Shoulders & Arms 1",1h 18min,"Romanian Deadlift (Barbell)",2,155.0,10,0,0,,,
2022-11-16 08:15:28,"4) Shoulders & Arms 1",1h 18min,"Romanian Deadlift (Barbell)",3,155.0,9,0,0,,,
2022-11-16 08:15:28,"4) Shoulders & Arms 1",1h 18min,"Arnold Press (Dumbbell)",1,25.0,10,0,0,"",,
2022-11-16 08:15:28,"4) Shoulders & Arms 1",1h 18min,"Arnold Press (Dumbbell)",2,35.0,8,0,0,,,
2022-11-16 08:15:28,"4) Shoulders & Arms 1",1h 18min,"Arnold Press (Dumbbell)",3,35.0,8,0,0,,,
2022-11-16 08:15:28,"4) Shoulders & Arms 1",1h 18min,"Arnold Press (Dumbbell)",4,35.0,8,0,0,,,
2022-11-16 08:15:28,"4) Shoulders & Arms 1",1h 18min,"Lateral Raise (Dumbbell)",1,15.0,6,0,0,"",,
2022-11-16 08:15:28,"4) Shoulders & Arms 1",1h 18min,"Lateral Raise (Dumbbell)",2,12.5,5,0,0,,,
2022-11-16 08:15:28,"4) Shoulders & Arms 1",1h 18min,"Lateral Raise (Dumbbell)",3,12.5,5,0,0,,,
2022-11-16 08:15:28,"4) Shoulders & Arms 1",1h 18min,"Reverse Fly (Cable)",1,15.0,8,0,0,"",,
2022-11-16 08:15:28,"4) Shoulders & Arms 1",1h 18min,"Reverse Fly (Cable)",2,15.0,8,0,0,,,
2022-11-16 08:15:28,"4) Shoulders & Arms 1",1h 18min,"Reverse Fly (Cable)",3,15.0,6,0,0,,,
2022-11-16 08:15:28,"4) Shoulders & Arms 1",1h 18min,"Triceps Extension (Cable)",1,50.0,5,0,0,"",,
2022-11-16 08:15:28,"4) Shoulders & Arms 1",1h 18min,"Triceps Extension (Cable)",2,50.0,10,0,0,,,
2022-11-16 08:15:28,"4) Shoulders & Arms 1",1h 18min,"Triceps Extension (Cable)",3,50.0,6,0,0,,,
2022-11-16 08:15:28,"4) Shoulders & Arms 1",1h 18min,"Bicep Curl (Cable)",1,60.0,10,0,0,"",,
2022-11-16 08:15:28,"4) Shoulders & Arms 1",1h 18min,"Bicep Curl (Cable)",2,60.0,10,0,0,,,
2022-11-16 08:15:28,"4) Shoulders & Arms 1",1h 18min,"Bicep Curl (Cable)",3,60.0,8,0,0,,,
2022-11-21 08:49:32,"1) Chest 2 (Shelburne)",20min,"Rowing (Machine)",1,0,0,0,240,"","",
2022-11-21 08:49:32,"1) Chest 2 (Shelburne)",20min,"Bench Press (Barbell)",1,115.0,8,0,0,"",,
2022-11-21 08:49:32,"1) Chest 2 (Shelburne)",20min,"Bench Press (Barbell)",2,125.0,8,0,0,,,
2022-11-21 08:49:32,"1) Chest 2 (Shelburne)",20min,"Bench Press (Barbell)",3,125.0,8,0,0,,,
2022-11-21 08:49:32,"1) Chest 2 (Shelburne)",20min,"Bench Press (Barbell)",4,125.0,6,0,0,,,
2022-11-21 08:49:32,"1) Chest 2 (Shelburne)",20min,"Incline Chest Press (Machine)",1,80.0,8,0,0,"",,
2022-11-21 08:49:32,"1) Chest 2 (Shelburne)",20min,"Incline Chest Press (Machine)",2,80.0,10,0,0,,,
2022-11-21 08:49:32,"1) Chest 2 (Shelburne)",20min,"Incline Chest Press (Machine)",3,80.0,8,0,0,,,
2022-11-21 08:49:32,"1) Chest 2 (Shelburne)",20min,"Cable Crossover",1,45.0,10,0,0,"",,
2022-11-21 08:49:32,"1) Chest 2 (Shelburne)",20min,"Cable Crossover",2,45.0,10,0,0,,,
2022-11-22 08:07:17,"2) Legs & Abs 2",57min,"Rowing (Machine)",1,0,0,0,240,"","",
2022-11-22 08:07:17,"2) Legs & Abs 2",57min,"Squat (Barbell)",1,135.0,10,0,0,"",,
2022-11-22 08:07:17,"2) Legs & Abs 2",57min,"Squat (Barbell)",2,155.0,8,0,0,,,
2022-11-22 08:07:17,"2) Legs & Abs 2",57min,"Squat (Barbell)",3,155.0,10,0,0,,,
2022-11-22 08:07:17,"2) Legs & Abs 2",57min,"Squat (Barbell)",4,155.0,1,0,0,,,
2022-11-22 08:07:17,"2) Legs & Abs 2",57min,"Romanian Deadlift (Barbell)",1,155.0,10,0,0,"",,
2022-11-22 08:07:17,"2) Legs & Abs 2",57min,"Romanian Deadlift (Barbell)",2,155.0,8,0,0,,,
2022-11-22 08:07:17,"2) Legs & Abs 2",57min,"Romanian Deadlift (Barbell)",3,155.0,10,0,0,,,
2022-11-24 08:17:43,"3) Back & Biceps 2",50min,"Rowing (Machine)",1,0,0,0.5,240,"","",
2022-11-24 08:17:43,"3) Back & Biceps 2",50min,"Lat Pulldown (Cable)",1,110.0,11,0,0,"",,
2022-11-24 08:17:43,"3) Back & Biceps 2",50min,"Lat Pulldown (Cable)",2,115.0,10,0,0,,,
2022-11-24 08:17:43,"3) Back & Biceps 2",50min,"Lat Pulldown (Cable)",3,115.0,8,0,0,,,
2022-11-24 08:17:43,"3) Back & Biceps 2",50min,"Bent Over Row (Barbell)",1,135.0,9,0,0,"",,
2022-11-24 08:17:43,"3) Back & Biceps 2",50min,"Bent Over Row (Barbell)",2,135.0,10,0,0,,,
2022-11-24 08:17:43,"3) Back & Biceps 2",50min,"Bent Over Row (Barbell)",3,135.0,8,0,0,,,
2022-11-24 08:17:43,"3) Back & Biceps 2",50min,"Hip Thrust (Barbell)",1,135.0,8,0,0,"",,
2022-11-24 08:17:43,"3) Back & Biceps 2",50min,"Hip Thrust (Barbell)",2,135.0,10,0,0,,,
2022-11-24 08:17:43,"3) Back & Biceps 2",50min,"Hip Thrust (Barbell)",3,135.0,12,0,0,,,
2022-11-25 08:09:32,"4) Shoulders & Arms 2",44min,"Rowing (Machine)",1,0,0,0,240,"","",
2022-11-25 08:09:32,"4) Shoulders & Arms 2",44min,"Deadlift (Barbell)",1,155.0,6,0,0,"",,
2022-11-25 08:09:32,"4) Shoulders & Arms 2",44min,"Deadlift (Barbell)",2,165.0,10,0,0,,,
2022-11-25 08:09:32,"4) Shoulders & Arms 2",44min,"Deadlift (Barbell)",3,165.0,8,0,0,,,
2022-11-25 08:09:32,"4) Shoulders & Arms 2",44min,"Deadlift (Barbell)",4,165.0,8,0,0,,,
2022-12-05 08:23:37,"1) Chest 2 (Shelburne)",55min,"Rowing (Machine)",1,0,0,0,240,"","",
2022-12-05 08:23:37,"1) Chest 2 (Shelburne)",55min,"Bench Press (Barbell)",1,115.0,10,0,0,"",,
2022-12-05 08:23:37,"1) Chest 2 (Shelburne)",55min,"Bench Press (Barbell)",2,115.0,10,0,0,,,
2022-12-05 08:23:37,"1) Chest 2 (Shelburne)",55min,"Bench Press (Barbell)",3,115.0,10,0,0,,,
2022-12-05 08:23:37,"1) Chest 2 (Shelburne)",55min,"Incline Chest Press (Machine)",1,80.0,6,0,0,"",,
2022-12-05 08:23:37,"1) Chest 2 (Shelburne)",55min,"Incline Chest Press (Machine)",2,80.0,12,0,0,,,
2022-12-05 08:23:37,"1) Chest 2 (Shelburne)",55min,"Incline Chest Press (Machine)",3,80.0,10,0,0,,,
2022-12-05 08:23:37,"1) Chest 2 (Shelburne)",55min,"Cable Crossover",1,45.0,10,0,0,"",,
2022-12-05 08:23:37,"1) Chest 2 (Shelburne)",55min,"Cable Crossover",2,45.0,8,0,0,,,
2022-12-05 08:23:37,"1) Chest 2 (Shelburne)",55min,"Cable Crossover",3,45.0,7,0,0,,,
2022-12-05 08:23:37,"1) Chest 2 (Shelburne)",55min,"Pullover (Dumbbell)",1,55.0,8,0,0,"",,
2022-12-05 08:23:37,"1) Chest 2 (Shelburne)",55min,"Pullover (Dumbbell)",2,55.0,6,0,0,,,
2022-12-05 08:23:37,"1) Chest 2 (Shelburne)",55min,"Hanging Leg Raise",1,0.0,3,0,0,"",,
2022-12-06 08:03:39,"2) Legs & Abs 2",1h 8min,"Rowing (Machine)",1,0,0,0,240,"","",
2022-12-06 08:03:39,"2) Legs & Abs 2",1h 8min,"Squat (Barbell)",1,135.0,8,0,0,"",,
2022-12-06 08:03:39,"2) Legs & Abs 2",1h 8min,"Squat (Barbell)",2,135.0,8,0,0,,,
2022-12-06 08:03:39,"2) Legs & Abs 2",1h 8min,"Squat (Barbell)",3,135.0,8,0,0,,,
2022-12-06 08:03:39,"2) Legs & Abs 2",1h 8min,"Romanian Deadlift (Barbell)",1,135.0,8,0,0,"",,
2022-12-06 08:03:39,"2) Legs & Abs 2",1h 8min,"Romanian Deadlift (Barbell)",2,135.0,10,0,0,,,
2022-12-06 08:03:39,"2) Legs & Abs 2",1h 8min,"Romanian Deadlift (Barbell)",3,135.0,12,0,0,,,
2022-12-06 08:03:39,"2) Legs & Abs 2",1h 8min,"T Bar Row",1,135.0,8,0,0,"",,
2022-12-06 08:03:39,"2) Legs & Abs 2",1h 8min,"T Bar Row",2,135.0,10,0,0,,,
2022-12-06 08:03:39,"2) Legs & Abs 2",1h 8min,"T Bar Row",3,135.0,10,0,0,,,
2022-12-06 08:03:39,"2) Legs & Abs 2",1h 8min,"Seated Leg Curl (Machine)",1,140.0,10,0,0,"",,
2022-12-06 08:03:39,"2) Legs & Abs 2",1h 8min,"Seated Leg Curl (Machine)",2,140.0,12,0,0,,,
2022-12-06 08:03:39,"2) Legs & Abs 2",1h 8min,"Seated Leg Curl (Machine)",3,140.0,12,0,0,,,
2022-12-08 08:04:14,"3) Back & Biceps 2",1h 15min,"Rowing (Machine)",1,0,0,0.5,240,"","",
2022-12-08 08:04:14,"3) Back & Biceps 2",1h 15min,"Lat Pulldown (Cable)",1,115.0,10,0,0,"",,
2022-12-08 08:04:14,"3) Back & Biceps 2",1h 15min,"Lat Pulldown (Cable)",2,115.0,10,0,0,,,
2022-12-08 08:04:14,"3) Back & Biceps 2",1h 15min,"Lat Pulldown (Cable)",3,115.0,8,0,0,,,
2022-12-08 08:04:14,"3) Back & Biceps 2",1h 15min,"Bent Over Row (Barbell)",1,135.0,10,0,0,"",,
2022-12-08 08:04:14,"3) Back & Biceps 2",1h 15min,"Bent Over Row (Barbell)",2,135.0,10,0,0,,,
2022-12-08 08:04:14,"3) Back & Biceps 2",1h 15min,"Bent Over Row (Barbell)",3,135.0,8,0,0,,,
2022-12-08 08:04:14,"3) Back & Biceps 2",1h 15min,"Reverse Fly (Machine)",1,25.0,10,0,0,"",,
2022-12-08 08:04:14,"3) Back & Biceps 2",1h 15min,"Reverse Fly (Machine)",2,25.0,10,0,0,,,
2022-12-08 08:04:14,"3) Back & Biceps 2",1h 15min,"Reverse Fly (Machine)",3,25.000000000000004,12,0,0,,,
2022-12-08 08:04:14,"3) Back & Biceps 2",1h 15min,"Bicep Curl (Barbell)",1,70.0,8,0,0,"EZ Bar",,
2022-12-08 08:04:14,"3) Back & Biceps 2",1h 15min,"Bicep Curl (Barbell)",2,70.0,8,0,0,,,
2022-12-08 08:04:14,"3) Back & Biceps 2",1h 15min,"Bicep Curl (Barbell)",3,70.0,6,0,0,,,
2022-12-08 08:04:14,"3) Back & Biceps 2",1h 15min,"Hip Adductor (Machine)",1,140.0,10,0,0,"",,
2022-12-08 08:04:14,"3) Back & Biceps 2",1h 15min,"Hip Adductor (Machine)",2,140.0,10,0,0,,,
2022-12-08 08:04:14,"3) Back & Biceps 2",1h 15min,"Hip Adductor (Machine)",3,140.0,6,0,0,,,
2022-12-08 08:04:14,"3) Back & Biceps 2",1h 15min,"Hip Abductor (Machine)",1,140.0,10,0,0,"",,
2022-12-08 08:04:14,"3) Back & Biceps 2",1h 15min,"Hip Abductor (Machine)",2,140.0,12,0,0,,,
2022-12-08 08:04:14,"3) Back & Biceps 2",1h 15min,"Hip Abductor (Machine)",3,140.0,8,0,0,,,
2022-12-09 08:04:17,"4) Shoulders & Arms 2",1h 27min,"Rowing (Machine)",1,0,0,0,240,"","",
2022-12-09 08:04:17,"4) Shoulders & Arms 2",1h 27min,"Deadlift (Barbell)",1,135.0,10,0,0,"",,
2022-12-09 08:04:17,"4) Shoulders & Arms 2",1h 27min,"Deadlift (Barbell)",2,135.0,12,0,0,,,
2022-12-09 08:04:17,"4) Shoulders & Arms 2",1h 27min,"Deadlift (Barbell)",3,135.0,8,0,0,,,
2022-12-09 08:04:17,"4) Shoulders & Arms 2",1h 27min,"Arnold Press (Dumbbell)",1,30.0,10,0,0,"",,
2022-12-09 08:04:17,"4) Shoulders & Arms 2",1h 27min,"Arnold Press (Dumbbell)",2,30.0,10,0,0,,,
2022-12-09 08:04:17,"4) Shoulders & Arms 2",1h 27min,"Arnold Press (Dumbbell)",3,30.0,10,0,0,,,
2022-12-09 08:04:17,"4) Shoulders & Arms 2",1h 27min,"Reverse Fly (Dumbbell)",1,25.0,8,0,0,"",,
2022-12-09 08:04:17,"4) Shoulders & Arms 2",1h 27min,"Reverse Fly (Dumbbell)",2,25.0,8,0,0,,,
2022-12-09 08:04:17,"4) Shoulders & Arms 2",1h 27min,"Reverse Fly (Dumbbell)",3,25.0,10,0,0,,,
2022-12-09 08:04:17,"4) Shoulders & Arms 2",1h 27min,"Calf Press on Seated Leg Press",1,290.0,15,0,0,"",,
2022-12-09 08:04:17,"4) Shoulders & Arms 2",1h 27min,"Calf Press on Seated Leg Press",2,330.0,12,0,0,,,
2022-12-09 08:04:17,"4) Shoulders & Arms 2",1h 27min,"Lateral Raise (Cable)",1,10.0,20,0,0,"",,
2022-12-09 08:04:17,"4) Shoulders & Arms 2",1h 27min,"Lateral Raise (Cable)",2,10.0,18,0,0,,,
2022-12-09 08:04:17,"4) Shoulders & Arms 2",1h 27min,"Lateral Raise (Cable)",3,10.0,16,0,0,,,
2022-12-09 08:04:17,"4) Shoulders & Arms 2",1h 27min,"Hammer Curl (Dumbbell)",1,25.0,8,0,0,"",,
2022-12-09 08:04:17,"4) Shoulders & Arms 2",1h 27min,"Hammer Curl (Dumbbell)",2,25.0,10,0,0,,,
2022-12-09 08:04:17,"4) Shoulders & Arms 2",1h 27min,"Hammer Curl (Dumbbell)",3,25.0,8,0,0,,,
2022-12-12 08:07:43,"1) Chest 2 (Shelburne)",2h 10min,"Rowing (Machine)",1,0,0,0,240,"","",
2022-12-12 08:07:43,"1) Chest 2 (Shelburne)",2h 10min,"Bench Press (Barbell)",1,135.0,5,0,0,"",,
2022-12-12 08:07:43,"1) Chest 2 (Shelburne)",2h 10min,"Bench Press (Barbell)",2,135.0,6,0,0,,,
2022-12-12 08:07:43,"1) Chest 2 (Shelburne)",2h 10min,"Bench Press (Barbell)",3,135.0,6,0,0,,,
2022-12-12 08:07:43,"1) Chest 2 (Shelburne)",2h 10min,"Bench Press (Barbell)",4,135.0,6,0,0,,,
2022-12-12 08:07:43,"1) Chest 2 (Shelburne)",2h 10min,"Incline Chest Press (Machine)",1,80.0,10,0,0,"",,
2022-12-12 08:07:43,"1) Chest 2 (Shelburne)",2h 10min,"Incline Chest Press (Machine)",2,80.0,10,0,0,,,
2022-12-12 08:07:43,"1) Chest 2 (Shelburne)",2h 10min,"Incline Chest Press (Machine)",3,80.0,12,0,0,,,
2022-12-12 08:07:43,"1) Chest 2 (Shelburne)",2h 10min,"Cable Crossover",1,45.0,10,0,0,"",,
2022-12-12 08:07:43,"1) Chest 2 (Shelburne)",2h 10min,"Cable Crossover",2,45.0,10,0,0,,,
2022-12-12 08:07:43,"1) Chest 2 (Shelburne)",2h 10min,"Cable Crossover",3,45.0,10,0,0,,,
2022-12-12 08:07:43,"1) Chest 2 (Shelburne)",2h 10min,"Hanging Leg Raise",1,0.0,3,0,0,"",,
2022-12-12 08:07:43,"1) Chest 2 (Shelburne)",2h 10min,"Hanging Leg Raise",2,0,3,0,0,,,
2022-12-12 08:07:43,"1) Chest 2 (Shelburne)",2h 10min,"Hanging Leg Raise",3,0,3,0,0,,,
2022-12-12 08:07:43,"1) Chest 2 (Shelburne)",2h 10min,"Cable Kickback",1,35.0,20,0,0,"",,
2022-12-12 08:07:43,"1) Chest 2 (Shelburne)",2h 10min,"Cable Kickback",2,35.0,20,0,0,,,
2022-12-12 08:07:43,"1) Chest 2 (Shelburne)",2h 10min,"Cable Kickback",3,35.0,20,0,0,,,
2022-12-12 08:07:43,"1) Chest 2 (Shelburne)",2h 10min,"Pullover (Dumbbell)",1,55.0,6,0,0,"",,
2022-12-12 08:07:43,"1) Chest 2 (Shelburne)",2h 10min,"Pullover (Dumbbell)",2,55.0,6,0,0,,,
2022-12-12 08:07:43,"1) Chest 2 (Shelburne)",2h 10min,"Bicycle Crunch",1,0,15,0,0,"",,
2022-12-12 08:07:43,"1) Chest 2 (Shelburne)",2h 10min,"Bicycle Crunch",2,0,15,0,0,,,
2022-12-13 08:12:01,"2) Legs & Abs 2",1h 5min,"Rowing (Machine)",1,0,0,0,240,"","",
2022-12-13 08:12:01,"2) Legs & Abs 2",1h 5min,"Squat (Barbell)",1,135.0,8,0,0,"",,
2022-12-13 08:12:01,"2) Legs & Abs 2",1h 5min,"Squat (Barbell)",2,135.0,8,0,0,,,
2022-12-13 08:12:01,"2) Legs & Abs 2",1h 5min,"Squat (Barbell)",3,135.0,8,0,0,,,
2022-12-13 08:12:01,"2) Legs & Abs 2",1h 5min,"Romanian Deadlift (Barbell)",1,135.0,10,0,0,"",,
2022-12-13 08:12:01,"2) Legs & Abs 2",1h 5min,"Romanian Deadlift (Barbell)",2,135.0,10,0,0,,,
2022-12-13 08:12:01,"2) Legs & Abs 2",1h 5min,"Romanian Deadlift (Barbell)",3,135.0,12,0,0,,,
2022-12-13 08:12:01,"2) Legs & Abs 2",1h 5min,"T Bar Row",1,135.0,10,0,0,"",,
2022-12-13 08:12:01,"2) Legs & Abs 2",1h 5min,"T Bar Row",2,135.0,12,0,0,,,
2022-12-13 08:12:01,"2) Legs & Abs 2",1h 5min,"T Bar Row",3,135.0,10,0,0,,,
2022-12-16 08:06:31,"3) Back & Biceps 2",1h 16min,"Rowing (Machine)",1,0,0,0.5,240,"","",
2022-12-16 08:06:31,"3) Back & Biceps 2",1h 16min,"Bent Over Row (Barbell)",1,135.0,10,0,0,"",,
2022-12-16 08:06:31,"3) Back & Biceps 2",1h 16min,"Bent Over Row (Barbell)",2,135.0,10,0,0,,,
2022-12-16 08:06:31,"3) Back & Biceps 2",1h 16min,"Bent Over Row (Barbell)",3,135.0,10,0,0,,,
2022-12-16 08:06:31,"3) Back & Biceps 2",1h 16min,"Hip Thrust (Barbell)",1,135.0,8,0,0,"",,
2022-12-16 08:06:31,"3) Back & Biceps 2",1h 16min,"Hip Thrust (Barbell)",2,185.00000000000003,8,0,0,,,
2022-12-16 08:06:31,"3) Back & Biceps 2",1h 16min,"Hip Thrust (Barbell)",3,185.00000000000003,12,0,0,,,
2022-12-16 08:06:31,"3) Back & Biceps 2",1h 16min,"Lat Pulldown (Cable)",1,115.0,10,0,0,"",,
2022-12-16 08:06:31,"3) Back & Biceps 2",1h 16min,"Lat Pulldown (Cable)",2,115.0,12,0,0,,,
2022-12-16 08:06:31,"3) Back & Biceps 2",1h 16min,"Lat Pulldown (Cable)",3,115.0,10,0,0,,,
2022-12-16 08:06:31,"3) Back & Biceps 2",1h 16min,"Reverse Fly (Machine)",1,25.0,10,0,0,"",,
2022-12-16 08:06:31,"3) Back & Biceps 2",1h 16min,"Reverse Fly (Machine)",2,25.0,10,0,0,,,
2022-12-16 08:06:31,"3) Back & Biceps 2",1h 16min,"Reverse Fly (Machine)",3,25.000000000000004,12,0,0,,,
2022-12-16 08:06:31,"3) Back & Biceps 2",1h 16min,"Bicep Curl (Barbell)",1,80.0,8,0,0,"",,
2022-12-16 08:06:31,"3) Back & Biceps 2",1h 16min,"Bicep Curl (Barbell)",2,80.0,6,0,0,,,
2022-12-16 08:06:31,"3) Back & Biceps 2",1h 16min,"Bicep Curl (Barbell)",3,80.0,6,0,0,,,
2022-12-16 08:06:31,"3) Back & Biceps 2",1h 16min,"Hip Abductor (Machine)",1,149.99999999999997,10,0,0,"",,
2022-12-16 08:06:31,"3) Back & Biceps 2",1h 16min,"Hip Abductor (Machine)",2,149.99999999999997,10,0,0,,,
2022-12-16 08:06:31,"3) Back & Biceps 2",1h 16min,"Hip Abductor (Machine)",3,149.99999999999997,10,0,0,,,
2022-12-16 08:06:31,"3) Back & Biceps 2",1h 16min,"Hip Adductor (Machine)",1,140.0,10,0,0,"",,
2022-12-16 08:06:31,"3) Back & Biceps 2",1h 16min,"Hip Adductor (Machine)",2,140.0,10,0,0,,,
2022-12-16 08:06:31,"3) Back & Biceps 2",1h 16min,"Hip Adductor (Machine)",3,140.0,8,0,0,,,
2022-12-20 09:03:30,"2) Legs & Abs 2",1h 34min,"Rowing (Machine)",1,0,0,0,240,"","",
2022-12-20 09:03:30,"2) Legs & Abs 2",1h 34min,"Squat (Barbell)",1,135.0,8,0,0,"",,
2022-12-20 09:03:30,"2) Legs & Abs 2",1h 34min,"Squat (Barbell)",2,135.0,10,0,0,,,
2022-12-20 09:03:30,"2) Legs & Abs 2",1h 34min,"Squat (Barbell)",3,135.0,10,0,0,,,
2022-12-20 09:03:30,"2) Legs & Abs 2",1h 34min,"Romanian Deadlift (Barbell)",1,135.0,10,0,0,"",,
2022-12-20 09:03:30,"2) Legs & Abs 2",1h 34min,"Romanian Deadlift (Barbell)",2,135.0,10,0,0,,,
2022-12-20 09:03:30,"2) Legs & Abs 2",1h 34min,"Romanian Deadlift (Barbell)",3,135.0,12,0,0,,,
2022-12-20 09:03:30,"2) Legs & Abs 2",1h 34min,"T Bar Row",1,135.0,8,0,0,"",,
2022-12-20 09:03:30,"2) Legs & Abs 2",1h 34min,"T Bar Row",2,135.0,7,0,0,,,
2022-12-20 09:03:30,"2) Legs & Abs 2",1h 34min,"T Bar Row",3,135.0,5,0,0,,,
2022-12-20 09:03:30,"2) Legs & Abs 2",1h 34min,"T Bar Row",4,135.0,6,0,0,,,
2022-12-20 09:03:30,"2) Legs & Abs 2",1h 34min,"Seated Leg Curl (Machine)",1,140.0,12,0,0,"",,
2022-12-20 09:03:30,"2) Legs & Abs 2",1h 34min,"Seated Leg Curl (Machine)",2,140.0,12,0,0,,,
2022-12-20 09:03:30,"2) Legs & Abs 2",1h 34min,"Seated Leg Curl (Machine)",3,140.0,12,0,0,,,
2022-12-20 09:03:30,"2) Legs & Abs 2",1h 34min,"Seated Leg Press (Machine)",1,310.0,12,0,0,"",,
2022-12-20 09:03:30,"2) Legs & Abs 2",1h 34min,"Seated Leg Press (Machine)",2,320.0,12,0,0,,,
2022-12-20 09:03:30,"2) Legs & Abs 2",1h 34min,"Seated Leg Press (Machine)",3,330.0,12,0,0,,,
2022-12-20 09:03:30,"2) Legs & Abs 2",1h 34min,"Calf Press on Seated Leg Press",1,330.0,21,0,0,"",,
2022-12-20 09:03:30,"2) Legs & Abs 2",1h 34min,"Calf Press on Seated Leg Press",2,330.0,12,0,0,,,
2023-01-03 08:11:37,"2) Legs & Abs 2",1h 18min,"Rowing (Machine)",1,0,0,0,240,"","",
2023-01-03 08:11:37,"2) Legs & Abs 2",1h 18min,"Squat (Barbell)",1,135.0,10,0,0,"",,
2023-01-03 08:11:37,"2) Legs & Abs 2",1h 18min,"Squat (Barbell)",2,155.0,8,0,0,,,
2023-01-03 08:11:37,"2) Legs & Abs 2",1h 18min,"Squat (Barbell)",3,155.0,8,0,0,,,
2023-01-03 08:11:37,"2) Legs & Abs 2",1h 18min,"Romanian Deadlift (Barbell)",1,135.0,12,0,0,"",,
2023-01-03 08:11:37,"2) Legs & Abs 2",1h 18min,"Romanian Deadlift (Barbell)",2,155.0,10,0,0,,,
2023-01-03 08:11:37,"2) Legs & Abs 2",1h 18min,"Romanian Deadlift (Barbell)",3,155.0,10,0,0,,,
2023-01-03 08:11:37,"2) Legs & Abs 2",1h 18min,"T Bar Row",1,135.0,10,0,0,"",,
2023-01-03 08:11:37,"2) Legs & Abs 2",1h 18min,"T Bar Row",2,135.0,9,0,0,,,
2023-01-03 08:11:37,"2) Legs & Abs 2",1h 18min,"T Bar Row",3,135.0,10,0,0,,,
2023-01-03 08:11:37,"2) Legs & Abs 2",1h 18min,"Seated Leg Curl (Machine)",1,140.0,12,0,0,"",,
2023-01-03 08:11:37,"2) Legs & Abs 2",1h 18min,"Seated Leg Curl (Machine)",2,140.0,10,0,0,,,
2023-01-03 08:11:37,"2) Legs & Abs 2",1h 18min,"Seated Leg Curl (Machine)",3,140.0,11,0,0,,,
2023-01-09 08:11:30,"1) Chest 2 (Shelburne)",1h 8min,"Rowing (Machine)",1,0,0,0,240,"","",
2023-01-09 08:11:30,"1) Chest 2 (Shelburne)",1h 8min,"Bench Press (Barbell)",1,95.0,8,0,0,"",,
2023-01-09 08:11:30,"1) Chest 2 (Shelburne)",1h 8min,"Bench Press (Barbell)",2,135.0,6,0,0,,,
2023-01-09 08:11:30,"1) Chest 2 (Shelburne)",1h 8min,"Bench Press (Barbell)",3,135.0,6,0,0,,,
2023-01-09 08:11:30,"1) Chest 2 (Shelburne)",1h 8min,"Bench Press (Barbell)",4,135.0,6,0,0,,,
2023-01-09 08:11:30,"1) Chest 2 (Shelburne)",1h 8min,"Incline Chest Press (Machine)",1,80.0,10,0,0,"",,
2023-01-09 08:11:30,"1) Chest 2 (Shelburne)",1h 8min,"Incline Chest Press (Machine)",2,80.0,10,0,0,,,
2023-01-09 08:11:30,"1) Chest 2 (Shelburne)",1h 8min,"Incline Chest Press (Machine)",3,80.0,12,0,0,,,
2023-01-09 08:11:30,"1) Chest 2 (Shelburne)",1h 8min,"Cable Crossover",1,45.0,10,0,0,"",,
2023-01-09 08:11:30,"1) Chest 2 (Shelburne)",1h 8min,"Cable Crossover",2,45.0,10,0,0,,,
2023-01-09 08:11:30,"1) Chest 2 (Shelburne)",1h 8min,"Cable Crossover",3,45.0,10,0,0,,,
2023-01-09 08:11:30,"1) Chest 2 (Shelburne)",1h 8min,"Hanging Leg Raise",1,0.0,3,0,0,"",,
2023-01-09 08:11:30,"1) Chest 2 (Shelburne)",1h 8min,"Cable Kickback",1,35.0,20,0,0,"",,
2023-01-09 08:11:30,"1) Chest 2 (Shelburne)",1h 8min,"Cable Kickback",2,35.0,20,0,0,,,
2023-01-09 08:11:30,"1) Chest 2 (Shelburne)",1h 8min,"Cable Kickback",3,35.0,20,0,0,,,
2023-01-09 08:11:30,"1) Chest 2 (Shelburne)",1h 8min,"Pullover (Dumbbell)",1,55.0,6,0,0,"",,
2023-01-09 08:11:30,"1) Chest 2 (Shelburne)",1h 8min,"Pullover (Dumbbell)",2,55.0,6,0,0,,,
2023-01-10 08:10:06,"2) Legs & Abs 2",1h 11min,"Squat (Barbell)",1,135.0,6,0,0,"","",
2023-01-10 08:10:06,"2) Legs & Abs 2",1h 11min,"Squat (Barbell)",2,155.0,10,0,0,,,
2023-01-10 08:10:06,"2) Legs & Abs 2",1h 11min,"Squat (Barbell)",3,155.0,10,0,0,,,
2023-01-10 08:10:06,"2) Legs & Abs 2",1h 11min,"Squat (Barbell)",4,155.0,10,0,0,,,
2023-01-10 08:10:06,"2) Legs & Abs 2",1h 11min,"Romanian Deadlift (Barbell)",1,135.0,6,0,0,"",,
2023-01-10 08:10:06,"2) Legs & Abs 2",1h 11min,"Romanian Deadlift (Barbell)",2,155.0,10,0,0,,,
2023-01-10 08:10:06,"2) Legs & Abs 2",1h 11min,"Romanian Deadlift (Barbell)",3,155.0,8,0,0,,,
2023-01-10 08:10:06,"2) Legs & Abs 2",1h 11min,"Romanian Deadlift (Barbell)",4,155.0,10,0,0,,,
2023-01-10 08:10:06,"2) Legs & Abs 2",1h 11min,"T Bar Row",1,135.0,8,0,0,"",,
2023-01-10 08:10:06,"2) Legs & Abs 2",1h 11min,"T Bar Row",2,135.0,10,0,0,,,
2023-01-10 08:10:06,"2) Legs & Abs 2",1h 11min,"T Bar Row",3,135.0,10,0,0,,,
2023-01-10 08:10:06,"2) Legs & Abs 2",1h 11min,"T Bar Row",4,135.0,10,0,0,,,
2023-01-12 08:08:47,"3) Back & Biceps 2",1h 29min,"Rowing (Machine)",1,0,0,0.5,240,"","",
2023-01-12 08:08:47,"3) Back & Biceps 2",1h 29min,"Bent Over Row (Barbell)",1,95.0,8,0,0,"",,
2023-01-12 08:08:47,"3) Back & Biceps 2",1h 29min,"Bent Over Row (Barbell)",2,115.0,6,0,0,,,
2023-01-12 08:08:47,"3) Back & Biceps 2",1h 29min,"Bent Over Row (Barbell)",3,155.0,6,0,0,,,
2023-01-12 08:08:47,"3) Back & Biceps 2",1h 29min,"Bent Over Row (Barbell)",4,155.0,6,0,0,,,
2023-01-12 08:08:47,"3) Back & Biceps 2",1h 29min,"Bent Over Row (Barbell)",5,155.0,6,0,0,,,
2023-01-12 08:08:47,"3) Back & Biceps 2",1h 29min,"Good Morning (Barbell)",1,95.0,6,0,0,"",,
2023-01-12 08:08:47,"3) Back & Biceps 2",1h 29min,"Good Morning (Barbell)",2,115.0,5,0,0,,,
2023-01-12 08:08:47,"3) Back & Biceps 2",1h 29min,"Good Morning (Barbell)",3,135.0,6,0,0,,,
2023-01-12 08:08:47,"3) Back & Biceps 2",1h 29min,"Good Morning (Barbell)",4,135.0,6,0,0,,,
2023-01-12 08:08:47,"3) Back & Biceps 2",1h 29min,"Good Morning (Barbell)",5,135.0,6,0,0,,,
2023-01-12 08:08:47,"3) Back & Biceps 2",1h 29min,"Good Morning (Barbell)",6,135.0,6,0,0,,,
2023-01-12 08:08:47,"3) Back & Biceps 2",1h 29min,"Lat Pulldown (Cable)",1,115.0,12,0,0,"",,
2023-01-12 08:08:47,"3) Back & Biceps 2",1h 29min,"Lat Pulldown (Cable)",2,115.0,12,0,0,,,
2023-01-12 08:08:47,"3) Back & Biceps 2",1h 29min,"Lat Pulldown (Cable)",3,115.0,10,0,0,,,
2023-01-12 08:08:47,"3) Back & Biceps 2",1h 29min,"Reverse Fly (Machine)",1,25.0,12,0,0,"",,
2023-01-12 08:08:47,"3) Back & Biceps 2",1h 29min,"Reverse Fly (Machine)",2,25.0,12,0,0,,,
2023-01-12 08:08:47,"3) Back & Biceps 2",1h 29min,"Reverse Fly (Machine)",3,25.000000000000004,12,0,0,,,
2023-01-12 08:08:47,"3) Back & Biceps 2",1h 29min,"Bicep Curl (Barbell)",1,82.5,6,0,0,"EZ Bar",,
2023-01-12 08:08:47,"3) Back & Biceps 2",1h 29min,"Bicep Curl (Barbell)",2,82.5,5,0,0,,,
2023-01-12 08:08:47,"3) Back & Biceps 2",1h 29min,"Bicep Curl (Barbell)",3,82.5,6,0,0,,,
2023-01-12 08:08:47,"3) Back & Biceps 2",1h 29min,"Hip Abductor (Machine)",1,149.99999999999997,10,0,0,"",,
2023-01-12 08:08:47,"3) Back & Biceps 2",1h 29min,"Hip Abductor (Machine)",2,149.99999999999997,10,0,0,,,
2023-01-12 08:08:47,"3) Back & Biceps 2",1h 29min,"Hip Abductor (Machine)",3,149.99999999999997,10,0,0,,,
2023-01-12 08:08:47,"3) Back & Biceps 2",1h 29min,"Hip Adductor (Machine)",1,149.99999999999997,6,0,0,"",,
2023-01-12 08:08:47,"3) Back & Biceps 2",1h 29min,"Hip Adductor (Machine)",2,149.99999999999997,6,0,0,,,
2023-01-12 08:08:47,"3) Back & Biceps 2",1h 29min,"Hip Adductor (Machine)",3,140.0,8,0,0,,,
2023-01-16 09:45:16,"1) Chest 2 (Shelburne)",8min,"Rowing (Machine)",1,0,0,0,240,"","",
2023-01-16 09:45:16,"1) Chest 2 (Shelburne)",8min,"Bench Press (Barbell)",1,95.0,4,0,0,"",,
2023-01-16 09:45:16,"1) Chest 2 (Shelburne)",8min,"Bench Press (Barbell)",2,115.0,4,0,0,,,
2023-01-16 09:45:16,"1) Chest 2 (Shelburne)",8min,"Bench Press (Barbell)",3,135.0,6,0,0,,,
2023-01-16 09:45:16,"1) Chest 2 (Shelburne)",8min,"Bench Press (Barbell)",4,135.0,5,0,0,,,
2023-01-16 09:45:16,"1) Chest 2 (Shelburne)",8min,"Bench Press (Barbell)",5,135.0,5,0,0,,,
2023-01-16 09:45:16,"1) Chest 2 (Shelburne)",8min,"Incline Chest Press (Machine)",1,90.0,5,0,0,"",,
2023-01-16 09:45:16,"1) Chest 2 (Shelburne)",8min,"Incline Chest Press (Machine)",2,90.0,5,0,0,,,
2023-01-16 09:45:16,"1) Chest 2 (Shelburne)",8min,"Incline Chest Press (Machine)",3,90.0,5,0,0,,,
2023-01-16 09:45:16,"1) Chest 2 (Shelburne)",8min,"Cable Crossover",1,50.0,8,0,0,"",,
2023-01-16 09:45:16,"1) Chest 2 (Shelburne)",8min,"Cable Crossover",2,55.0,6,0,0,,,
2023-01-16 09:45:16,"1) Chest 2 (Shelburne)",8min,"Cable Crossover",3,55.0,7,0,0,,,
2023-01-16 09:45:16,"1) Chest 2 (Shelburne)",8min,"Cable Kickback",1,45.0,20,0,0,"",,
2023-01-16 09:45:16,"1) Chest 2 (Shelburne)",8min,"Cable Kickback",2,45.0,20,0,0,,,
2023-01-16 09:45:16,"1) Chest 2 (Shelburne)",8min,"Cable Kickback",3,45.0,20,0,0,,,
2023-01-16 09:45:16,"1) Chest 2 (Shelburne)",8min,"Pullover (Dumbbell)",1,55.0,6,0,0,"",,
2023-01-16 09:45:16,"1) Chest 2 (Shelburne)",8min,"Pullover (Dumbbell)",2,50.0,8,0,0,,,
2023-01-16 09:45:16,"1) Chest 2 (Shelburne)",8min,"Pullover (Dumbbell)",3,50.0,8,0,0,,,
2023-01-16 09:45:16,"1) Chest 2 (Shelburne)",8min,"Russian Twist",1,0,6,0,0,"",,
2023-01-16 09:45:16,"1) Chest 2 (Shelburne)",8min,"Russian Twist",2,0,8,0,0,,,
2023-01-16 09:45:16,"1) Chest 2 (Shelburne)",8min,"Russian Twist",3,0,10,0,0,,,
2023-01-16 09:45:16,"1) Chest 2 (Shelburne)",8min,"Flat Leg Raise",1,0,10,0,0,"",,
2023-01-16 09:45:16,"1) Chest 2 (Shelburne)",8min,"Flat Leg Raise",2,0,10,0,0,,,
2023-01-16 09:45:16,"1) Chest 2 (Shelburne)",8min,"Flat Leg Raise",3,0,10,0,0,,,
2023-01-31 08:02:31,"2) Legs & Abs 2",1h 26min,"Rowing (Machine)",1,0,0,0,240,"","",
2023-01-31 08:02:31,"2) Legs & Abs 2",1h 26min,"Squat (Barbell)",1,95.0,3,0,0,"",,
2023-01-31 08:02:31,"2) Legs & Abs 2",1h 26min,"Squat (Barbell)",2,115.0,3,0,0,,,
2023-01-31 08:02:31,"2) Legs & Abs 2",1h 26min,"Squat (Barbell)",3,135.0,3,0,0,,,
2023-01-31 08:02:31,"2) Legs & Abs 2",1h 26min,"Squat (Barbell)",4,155.0,3,0,0,,,
2023-01-31 08:02:31,"2) Legs & Abs 2",1h 26min,"Squat (Barbell)",5,185.00000000000003,5,0,0,,,
2023-01-31 08:02:31,"2) Legs & Abs 2",1h 26min,"Squat (Barbell)",6,185.00000000000003,5,0,0,,,
2023-01-31 08:02:31,"2) Legs & Abs 2",1h 26min,"Squat (Barbell)",7,185.00000000000003,5,0,0,,,
2023-01-31 08:02:31,"2) Legs & Abs 2",1h 26min,"Romanian Deadlift (Barbell)",1,95.0,3,0,0,"",,
2023-01-31 08:02:31,"2) Legs & Abs 2",1h 26min,"Romanian Deadlift (Barbell)",2,115.0,3,0,0,,,
2023-01-31 08:02:31,"2) Legs & Abs 2",1h 26min,"Romanian Deadlift (Barbell)",3,135.0,3,0,0,,,
2023-01-31 08:02:31,"2) Legs & Abs 2",1h 26min,"Romanian Deadlift (Barbell)",4,155.0,3,0,0,,,
2023-01-31 08:02:31,"2) Legs & Abs 2",1h 26min,"Romanian Deadlift (Barbell)",5,185.00000000000003,3,0,0,,,
2023-01-31 08:02:31,"2) Legs & Abs 2",1h 26min,"Romanian Deadlift (Barbell)",6,205.0,3,0,0,,,
2023-01-31 08:02:31,"2) Legs & Abs 2",1h 26min,"Romanian Deadlift (Barbell)",7,205.0,3,0,0,,,
2023-01-31 08:02:31,"2) Legs & Abs 2",1h 26min,"Romanian Deadlift (Barbell)",8,205.0,3,0,0,,,
2023-02-02 08:32:05,"1) Chest 2 (Shelburne)",51min,"Bench Press (Barbell)",1,95.0,3,0,0,"","",
2023-02-02 08:32:05,"1) Chest 2 (Shelburne)",51min,"Bench Press (Barbell)",2,115.0,3,0,0,,,
2023-02-02 08:32:05,"1) Chest 2 (Shelburne)",51min,"Bench Press (Barbell)",3,135.0,3,0,0,,,
2023-02-02 08:32:05,"1) Chest 2 (Shelburne)",51min,"Bench Press (Barbell)",4,155.0,5,0,0,,,
2023-02-02 08:32:05,"1) Chest 2 (Shelburne)",51min,"Bench Press (Barbell)",5,160.0,3,0,0,,,
2023-02-02 08:32:05,"1) Chest 2 (Shelburne)",51min,"Bench Press (Barbell)",6,160.0,3,0,0,,,
2023-02-02 08:32:05,"1) Chest 2 (Shelburne)",51min,"Bench Press (Barbell)",7,160.0,3,0,0,,,
2023-02-02 08:32:05,"1) Chest 2 (Shelburne)",51min,"Incline Chest Press (Machine)",1,90.0,3,0,0,"",,
2023-02-02 08:32:05,"1) Chest 2 (Shelburne)",51min,"Incline Chest Press (Machine)",2,100.0,5,0,0,,,
2023-02-02 08:32:05,"1) Chest 2 (Shelburne)",51min,"Incline Chest Press (Machine)",3,110.0,5,0,0,,,
2023-02-02 08:32:05,"1) Chest 2 (Shelburne)",51min,"Incline Chest Press (Machine)",4,110.0,4,0,0,,,
2023-02-02 08:32:05,"1) Chest 2 (Shelburne)",51min,"Incline Chest Press (Machine)",5,110.0,4,0,0,,,
2023-02-02 08:32:05,"1) Chest 2 (Shelburne)",51min,"Cable Crossover",1,60.0,5,0,0,"",,
2023-02-02 08:32:05,"1) Chest 2 (Shelburne)",51min,"Cable Crossover",2,60.0,5,0,0,,,
2023-02-02 08:32:05,"1) Chest 2 (Shelburne)",51min,"Cable Crossover",3,60.0,5,0,0,,,
2023-02-02 08:32:05,"1) Chest 2 (Shelburne)",51min,"Cable Kickback",1,45.0,10,0,0,"",,
2023-02-02 08:32:05,"1) Chest 2 (Shelburne)",51min,"Cable Kickback",2,45.0,10,0,0,,,
2023-02-02 08:32:05,"1) Chest 2 (Shelburne)",51min,"Cable Kickback",3,45.0,10,0,0,,,
2023-02-02 08:32:05,"1) Chest 2 (Shelburne)",51min,"Pullover (Dumbbell)",1,50.0,5,0,0,"",,
2023-02-02 08:32:05,"1) Chest 2 (Shelburne)",51min,"Pullover (Dumbbell)",2,45.0,5,0,0,,,
2023-02-02 08:32:05,"1) Chest 2 (Shelburne)",51min,"Pullover (Dumbbell)",3,40.0,5,0,0,,,
2023-02-02 08:32:05,"1) Chest 2 (Shelburne)",51min,"Pullover (Dumbbell)",4,35.0,5,0,0,,,
2023-02-13 08:08:22,"1) Chest 2 (Shelburne)",1h 26min,"Bench Press (Barbell)",1,115.0,3,0,0,"","",
2023-02-13 08:08:22,"1) Chest 2 (Shelburne)",1h 26min,"Bench Press (Barbell)",2,135.0,3,0,0,,,
2023-02-13 08:08:22,"1) Chest 2 (Shelburne)",1h 26min,"Bench Press (Barbell)",3,155.0,5,0,0,,,
2023-02-13 08:08:22,"1) Chest 2 (Shelburne)",1h 26min,"Bench Press (Barbell)",4,155.0,3,0,0,,,
2023-02-13 08:08:22,"1) Chest 2 (Shelburne)",1h 26min,"Incline Chest Press (Machine)",1,100.0,3,0,0,"",,
2023-02-13 08:08:22,"1) Chest 2 (Shelburne)",1h 26min,"Incline Chest Press (Machine)",2,110.0,6,0,0,,,
2023-02-13 08:08:22,"1) Chest 2 (Shelburne)",1h 26min,"Incline Chest Press (Machine)",3,110.0,5,0,0,,,
2023-02-13 08:08:22,"1) Chest 2 (Shelburne)",1h 26min,"Cable Crossover",1,60.0,7,0,0,"",,
2023-02-13 08:08:22,"1) Chest 2 (Shelburne)",1h 26min,"Cable Crossover",2,60.0,6,0,0,,,
2023-02-13 08:08:22,"1) Chest 2 (Shelburne)",1h 26min,"Cable Crossover",3,60.0,5,0,0,,,
2023-02-13 08:08:22,"1) Chest 2 (Shelburne)",1h 26min,"Flat Leg Raise",1,0,6,0,0,"",,
2023-02-13 08:08:22,"1) Chest 2 (Shelburne)",1h 26min,"Flat Leg Raise",2,0,6,0,0,,,
2023-02-14 10:28:57,"2) Legs & Abs 2",4min,"Rowing (Machine)",1,0,0,0,240,"","",
2023-02-14 10:28:57,"2) Legs & Abs 2",4min,"Squat (Barbell)",1,95.0,3,0,0,"",,
2023-02-14 10:28:57,"2) Legs & Abs 2",4min,"Squat (Barbell)",2,115.0,3,0,0,,,
2023-02-14 10:28:57,"2) Legs & Abs 2",4min,"Squat (Barbell)",3,135.0,3,0,0,,,
2023-02-14 10:28:57,"2) Legs & Abs 2",4min,"Squat (Barbell)",4,165.0,6,0,0,,,
2023-02-14 10:28:57,"2) Legs & Abs 2",4min,"Squat (Barbell)",5,165.0,6,0,0,,,
2023-02-14 10:28:57,"2) Legs & Abs 2",4min,"Squat (Barbell)",6,165.0,6,0,0,,,
2023-02-14 10:28:57,"2) Legs & Abs 2",4min,"Romanian Deadlift (Barbell)",1,185.00000000000003,3,0,0,"",,
2023-02-14 10:28:57,"2) Legs & Abs 2",4min,"Romanian Deadlift (Barbell)",2,205.0,3,0,0,,,
2023-02-14 10:28:57,"2) Legs & Abs 2",4min,"Romanian Deadlift (Barbell)",3,225.0,6,0,0,,,
2023-02-14 10:28:57,"2) Legs & Abs 2",4min,"Romanian Deadlift (Barbell)",4,225.0,6,0,0,,,
2023-02-14 10:28:57,"2) Legs & Abs 2",4min,"Romanian Deadlift (Barbell)",5,225.0,6,0,0,,,
2023-02-16 08:16:44,"3) Back & Biceps 2",1h 36min,"Rowing (Machine)",1,0,0,0.5,240,"","",
2023-02-16 08:16:44,"3) Back & Biceps 2",1h 36min,"Bent Over Row (Barbell)",1,95.0,5,0,0,"",,
2023-02-16 08:16:44,"3) Back & Biceps 2",1h 36min,"Bent Over Row (Barbell)",2,115.0,5,0,0,,,
2023-02-16 08:16:44,"3) Back & Biceps 2",1h 36min,"Bent Over Row (Barbell)",3,135.0,3,0,0,,,
2023-02-16 08:16:44,"3) Back & Biceps 2",1h 36min,"Bent Over Row (Barbell)",4,155.0,6,0,0,,,
2023-02-16 08:16:44,"3) Back & Biceps 2",1h 36min,"Bent Over Row (Barbell)",5,155.0,6,0,0,,,
2023-02-16 08:16:44,"3) Back & Biceps 2",1h 36min,"Bent Over Row (Barbell)",6,155.0,5,0,0,,,
2023-02-16 08:16:44,"3) Back & Biceps 2",1h 36min,"Good Morning (Barbell)",1,95.0,3,0,0,"",,
2023-02-16 08:16:44,"3) Back & Biceps 2",1h 36min,"Good Morning (Barbell)",2,115.0,3,0,0,,,
2023-02-16 08:16:44,"3) Back & Biceps 2",1h 36min,"Good Morning (Barbell)",3,125.0,6,0,0,,,
2023-02-16 08:16:44,"3) Back & Biceps 2",1h 36min,"Good Morning (Barbell)",4,125.0,6,0,0,,,
2023-02-16 08:16:44,"3) Back & Biceps 2",1h 36min,"Good Morning (Barbell)",5,125.0,6,0,0,,,
2023-02-16 08:16:44,"3) Back & Biceps 2",1h 36min,"Lat Pulldown (Cable)",1,115.0,6,0,0,"",,
2023-02-16 08:16:44,"3) Back & Biceps 2",1h 36min,"Lat Pulldown (Cable)",2,125.00000000000001,6,0,0,,,
2023-02-16 08:16:44,"3) Back & Biceps 2",1h 36min,"Lat Pulldown (Cable)",3,125.0,6,0,0,,,
