Date,Exercise,Type,Exercise Calories,Exercise Minutes,Sets,Reps Per Set,Pounds,Steps,Note
2013-08-03,"Moving household items, carrying boxes",Cardio,182.0,15,,,,,
2013-08-03,"Running (jogging), 10 mph (6 min mile)",Cardio,277.0,10,,,,,
2013-08-03,"Walking, 3.0 mph, mod. pace, walking dog",Cardio,171.0,30,,,,,
2013-08-04,"Football or baseball, playing catch",Cardio,43.0,10,,,,,
2013-08-04,"Running (jogging), 10 mph (6 min mile)",Cardio,277.0,10,,,,,
2013-08-04,"Swimming laps, freestyle, light/moderate effort",Cardio,182.0,15,,,,,
2013-08-04,"Swimming, treading water, moderate effort",Cardio,312.0,45,,,,,
2013-08-04,"Walking, 3.5 mph, brisk pace",Cardio,144.0,22,,,,,
2013-08-06,"Vacuuming, shag carpet",Cardio,135.0,45,,,,,
2013-10-02,"Front Squats, Barbell, Arms Crossed",Strength,,,3,10,20.0,,
2013-10-02,"Overhead Press, Barbell",Strength,,,3,8,20.0,,
2013-10-02,"Running (jogging), 10 mph (6 min mile)",Cardio,545.0,20,,,,,
2013-10-02,"Running (jogging), 10 mph (6 min mile)",Cardio,545.0,20,,,,,
2013-10-02,"Walking, 3.5 mph, brisk pace",Cardio,142.5,22,,,,,
2014-05-07,Fitbit calorie adjustment,Cardio,635.0,1,,,,,
2014-05-08,Fitbit calorie adjustment,Cardio,378.0,1,,,,,
2014-05-09,Fitbit calorie adjustment,Cardio,44.0,1,,,,,
2014-05-10,Fitbit calorie adjustment,Cardio,-173.0,1,,,,,
2014-05-10,"Walking, 2.5 mph, leisurely pace",Cardio,232.0,45,,,,,
2014-05-11,Fitbit calorie adjustment,Cardio,896.0,1,,,,,
2014-05-11,"Front Squats, Barbell, Arms Crossed",Strength,,,2,10,15.0,,
2014-05-11,"Overhead Press, Barbell",Strength,,,2,10,15.0,,
2014-05-11,"Rope jumping, moderate, general",Cardio,173.0,10,,,,,
2014-05-11,"Standing Biceps Curl, Dumbell",Strength,,,2,10,15.0,,
2014-05-11,"Strength training (weight lifting, weight training)",Cardio,77.0,15,,,,,
2014-05-12,Fitbit calorie adjustment,Cardio,1006.0,1,,,,,
2014-05-13,Fitbit calorie adjustment,Cardio,1652.0,1,,,,,
2014-05-14,Fitbit calorie adjustment,Cardio,688.0,1,,,,,
2014-05-15,Fitbit calorie adjustment,Cardio,1119.0,1,,,,,
2014-05-16,Fitbit calorie adjustment,Cardio,479.0,1,,,,,
2014-05-17,Fitbit calorie adjustment,Cardio,266.0,1,,,,,
2014-05-18,"Bench Press, Barbell",Strength,,,3,12,15.0,,
2014-05-18,Bodyweight Training,Cardio,137.0,10,,,,,
2014-05-18,Fitbit calorie adjustment,Cardio,673.0,1,,,,,
2014-05-18,"Overhead Press, Barbell",Strength,,,3,10,15.0,,
2014-05-18,"Standing Biceps Curl, Dumbell",Strength,,,3,10,15.0,,
2014-05-18,"Stationary bike, vigorous effort (bicycling, cycling, biking)",Cardio,1075.0,60,,,,,
2014-05-18,"Strength training (weight lifting, weight training)",Cardio,154.0,30,,,,,
2014-05-18,Swiss ball rollout,Strength,,,5,10,,,
2014-05-19,Fitbit calorie adjustment,Cardio,478.0,1,,,,,
2014-05-20,Fitbit calorie adjustment,Cardio,446.0,1,,,,,
2014-05-20,"Front Squats, Barbell, Arms Crossed",Strength,,,3,8,20.0,,
2014-05-20,"Front Squats, Barbell, Arms Crossed",Strength,,,3,8,20.0,,
2014-05-20,Squat,Strength,,,3,8,,,
2014-05-20,"Stationary bike, vigorous effort (bicycling, cycling, biking)",Cardio,530.0,30,,,,,
2014-05-20,"Strength training (weight lifting, weight training)",Cardio,151.0,30,,,,,
2014-05-21,Fitbit calorie adjustment,Cardio,423.0,1,,,,,
2014-05-22,"Bench Press, Barbell",Strength,,,3,12,20.0,,
2014-05-22,Fitbit calorie adjustment,Cardio,446.0,1,,,,,
2014-05-22,"Overhead Press, Barbell",Strength,,,3,10,20.0,,
2014-05-22,"Rope jumping, moderate, general",Cardio,34.0,2,,,,,
2014-05-22,"Standing Biceps Curl, Dumbell",Strength,,,3,10,20.0,,
2014-05-22,"Stationary bike, vigorous effort (bicycling, cycling, biking)",Cardio,532.0,30,,,,,
2014-05-22,"Strength training (weight lifting, weight training)",Cardio,152.0,30,,,,,
2014-05-22,"Swimming, leisurely, general",Cardio,152.0,15,,,,,
2014-05-22,Swiss ball rollout,Strength,,,5,10,20.0,,
2014-05-23,Fitbit calorie adjustment,Cardio,813.0,1,,,,,
2014-05-23,"Running (jogging), 5.2 mph (11.5 min mile)",Cardio,62.0,9,,,,,
2014-05-23,"Walking, 4.0 mph, very brisk pace",Cardio,117.0,22,,,,,
2014-05-24,Fitbit calorie adjustment,Cardio,306.0,1,,,,,
2014-05-25,Fitbit calorie adjustment,Cardio,182.0,1,,,,,
2014-05-26,"Bench Press, Barbell",Strength,,,3,12,20.0,,
2014-05-26,Fitbit calorie adjustment,Cardio,-164.4,1,,,,,
2014-05-26,"Overhead Press, Barbell",Strength,,,3,10,20.0,,
2014-05-26,"Stationary bike, vigorous effort (bicycling, cycling, biking)",Cardio,528.4,30,,,,,
2014-05-26,"Strength training (weight lifting, weight training)",Cardio,151.0,30,,,,,
2014-05-26,Swiss ball rollout,Strength,,,3,10,20.0,,
2014-05-27,Fitbit calorie adjustment,Cardio,575.0,1,,,,,
2014-05-28,Fitbit calorie adjustment,Cardio,329.0,1,,,,,
2014-05-29,Fitbit calorie adjustment,Cardio,1047.0,1,,,,,
2014-05-30,Fitbit calorie adjustment,Cardio,89.0,1,,,,,
2014-05-30,"Running (jogging), 5.2 mph (11.5 min mile)",Cardio,62.0,9,,,,,
2014-05-30,"Running (jogging), 5.2 mph (11.5 min mile)",Cardio,62.0,9,,,,,
2014-05-30,"Walking, 4.0 mph, very brisk pace",Cardio,117.0,22,,,,,
2014-05-30,"Walking, 4.0 mph, very brisk pace",Cardio,117.0,22,,,,,
2014-05-31,Fitbit calorie adjustment,Cardio,856.0,1,,,,,
2014-06-01,Fitbit calorie adjustment,Cardio,636.0,1,,,,,
2014-06-02,Fitbit calorie adjustment,Cardio,218.0,1,,,,,
2014-06-03,Fitbit calorie adjustment,Cardio,431.0,1,,,,,
2014-06-04,Fitbit calorie adjustment,Cardio,846.0,1,,,,,
2014-06-05,Fitbit calorie adjustment,Cardio,703.0,1,,,,,
2014-06-06,Fitbit calorie adjustment,Cardio,424.0,1,,,,,
2014-06-07,"Bench Press, Barbell",Strength,,,3,12,20.0,,
2014-06-07,Fitbit calorie adjustment,Cardio,827.0,1,,,,,
2014-06-07,"Front Squats, Barbell, Arms Crossed",Strength,,,3,10,20.0,,
2014-06-07,"Overhead Press, Barbell",Strength,,,3,10,20.0,,
2014-06-07,"Running (jogging), 5.2 mph (11.5 min mile)",Cardio,448.0,30,,,,,
2014-06-07,Squat,Strength,,,3,8,25.0,,
2014-06-07,"Standing Biceps Curl, Dumbell",Strength,,,3,10,20.0,,
2014-06-07,"Strength training (weight lifting, weight training)",Cardio,224.0,45,,,,,
2014-06-08,Fitbit calorie adjustment,Cardio,-183.0,1,,,,,
2014-06-08,"Sex, vigorous",Cardio,253.0,30,,,,,
2014-06-09,Fitbit calorie adjustment,Cardio,518.0,1,,,,,
2014-06-10,Fitbit calorie adjustment,Cardio,411.0,1,,,,,
2014-06-11,Fitbit calorie adjustment,Cardio,227.0,1,,,,,
2014-06-12,Fitbit calorie adjustment,Cardio,395.0,1,,,,,
2014-06-13,Fitbit calorie adjustment,Cardio,291.0,1,,,,,
2014-06-14,Fitbit calorie adjustment,Cardio,217.0,1,,,,,
2014-06-15,Fitbit calorie adjustment,Cardio,85.0,1,,,,,
2014-06-16,Fitbit calorie adjustment,Cardio,425.0,1,,,,,
2014-06-17,Fitbit calorie adjustment,Cardio,402.0,1,,,,,
2014-06-18,Fitbit calorie adjustment,Cardio,402.0,1,,,,,
2014-06-19,Fitbit calorie adjustment,Cardio,402.0,1,,,,,
2014-06-20,Fitbit calorie adjustment,Cardio,402.0,1,,,,,
2014-06-21,Fitbit calorie adjustment,Cardio,455.0,1,,,,,
2014-06-22,Fitbit calorie adjustment,Cardio,455.0,1,,,,,
2014-06-23,Fitbit calorie adjustment,Cardio,455.0,1,,,,,
2014-06-24,Fitbit calorie adjustment,Cardio,280.0,1,,,,,
2014-06-25,Fitbit calorie adjustment,Cardio,589.0,1,,,,,
2014-06-26,Fitbit calorie adjustment,Cardio,321.0,1,,,,,
2014-06-27,Fitbit calorie adjustment,Cardio,183.0,1,,,,,
2014-06-28,Fitbit calorie adjustment,Cardio,649.0,1,,,,,
2014-06-29,Fitbit calorie adjustment,Cardio,-79.0,1,,,,,
2014-06-30,Fitbit calorie adjustment,Cardio,428.0,1,,,,,
2014-07-01,Fitbit calorie adjustment,Cardio,428.0,1,,,,,
2014-07-02,Fitbit calorie adjustment,Cardio,32.0,1,,,,,
2014-07-03,Fitbit calorie adjustment,Cardio,417.0,1,,,,,
2014-07-04,Fitbit calorie adjustment,Cardio,-51.0,1,,,,,
2014-07-05,Fitbit calorie adjustment,Cardio,417.0,1,,,,,
2014-07-06,Fitbit calorie adjustment,Cardio,417.0,1,,,,,
2014-07-07,Fitbit calorie adjustment,Cardio,436.0,1,,,,,
2014-07-08,Fitbit calorie adjustment,Cardio,-50.0,1,,,,,
2014-07-09,Fitbit calorie adjustment,Cardio,388.0,1,,,,,
2014-07-10,Fitbit calorie adjustment,Cardio,45.0,1,,,,,
2014-07-11,Fitbit calorie adjustment,Cardio,67.0,1,,,,,
2014-07-12,Fitbit calorie adjustment,Cardio,-75.0,1,,,,,
2014-07-13,Fitbit calorie adjustment,Cardio,380.0,1,,,,,
2014-07-14,Fitbit calorie adjustment,Cardio,417.0,1,,,,,
2014-07-15,Fitbit calorie adjustment,Cardio,417.0,1,,,,,
2014-07-16,Fitbit calorie adjustment,Cardio,417.0,1,,,,,
2014-07-17,Fitbit calorie adjustment,Cardio,417.0,1,,,,,
2014-07-18,Fitbit calorie adjustment,Cardio,417.0,1,,,,,
2014-07-19,Fitbit calorie adjustment,Cardio,417.0,1,,,,,
2014-07-20,Fitbit calorie adjustment,Cardio,417.0,1,,,,,
2014-07-21,Fitbit calorie adjustment,Cardio,417.0,1,,,,,
2014-07-22,Fitbit calorie adjustment,Cardio,417.0,1,,,,,
2014-07-23,Fitbit calorie adjustment,Cardio,417.0,1,,,,,
2014-07-24,Fitbit calorie adjustment,Cardio,417.0,1,,,,,
2014-07-25,Fitbit calorie adjustment,Cardio,417.0,1,,,,,
2014-07-26,Fitbit calorie adjustment,Cardio,417.0,1,,,,,
2014-07-27,Fitbit calorie adjustment,Cardio,417.0,1,,,,,
2014-07-28,Fitbit calorie adjustment,Cardio,417.0,1,,,,,
2014-07-29,Fitbit calorie adjustment,Cardio,417.0,1,,,,,
2014-07-30,Fitbit calorie adjustment,Cardio,418.0,1,,,,,
2014-07-31,Fitbit calorie adjustment,Cardio,418.0,1,,,,,
2014-08-01,Fitbit calorie adjustment,Cardio,418.0,1,,,,,
2014-08-02,Fitbit calorie adjustment,Cardio,418.0,1,,,,,
2014-08-03,Fitbit calorie adjustment,Cardio,418.0,1,,,,,
2014-08-04,Fitbit calorie adjustment,Cardio,418.0,1,,,,,
2014-08-05,Fitbit calorie adjustment,Cardio,418.0,1,,,,,
2014-08-06,Fitbit calorie adjustment,Cardio,418.0,1,,,,,
2014-08-07,Fitbit calorie adjustment,Cardio,418.0,1,,,,,
2014-08-08,Fitbit calorie adjustment,Cardio,418.0,1,,,,,
2014-08-09,Fitbit calorie adjustment,Cardio,418.0,1,,,,,
2014-08-10,Fitbit calorie adjustment,Cardio,418.0,1,,,,,
2014-08-11,Fitbit calorie adjustment,Cardio,418.0,1,,,,,
2014-08-12,Fitbit calorie adjustment,Cardio,418.0,1,,,,,
2014-08-13,Fitbit calorie adjustment,Cardio,418.0,1,,,,,
2014-08-14,Fitbit calorie adjustment,Cardio,418.0,1,,,,,
2014-08-15,Fitbit calorie adjustment,Cardio,418.0,1,,,,,
2014-08-16,Fitbit calorie adjustment,Cardio,418.0,1,,,,,
2014-08-17,Fitbit calorie adjustment,Cardio,418.0,1,,,,,
2014-08-18,Fitbit calorie adjustment,Cardio,418.0,1,,,,,
2014-08-19,Fitbit calorie adjustment,Cardio,418.0,1,,,,,
2014-08-20,Fitbit calorie adjustment,Cardio,418.0,1,,,,,
2014-08-21,Fitbit calorie adjustment,Cardio,418.0,1,,,,,
2014-08-22,Fitbit calorie adjustment,Cardio,418.0,1,,,,,
2014-08-23,Fitbit calorie adjustment,Cardio,418.0,1,,,,,
2014-08-24,Fitbit calorie adjustment,Cardio,419.0,1,,,,,
2014-08-25,Fitbit calorie adjustment,Cardio,419.0,1,,,,,
2014-08-26,Fitbit calorie adjustment,Cardio,419.0,1,,,,,
2014-08-27,Fitbit calorie adjustment,Cardio,419.0,1,,,,,
2014-08-28,Fitbit calorie adjustment,Cardio,419.0,1,,,,,
2014-08-29,Fitbit calorie adjustment,Cardio,419.0,1,,,,,
2014-08-30,"Dancing, general",Cardio,1018.0,135,,,,,
2014-08-30,"Fishing from river bank, standing",Cardio,352.0,60,,,,,
2014-08-30,Fitbit calorie adjustment,Cardio,-754.0,1,,,,,
2014-08-31,Fitbit calorie adjustment,Cardio,419.0,1,,,,,
2014-09-01,Fitbit calorie adjustment,Cardio,419.0,1,,,,,
2014-09-02,Fitbit calorie adjustment,Cardio,-4.0,1,,,,,
2014-09-03,Fitbit calorie adjustment,Cardio,288.0,1,,,,,
2014-09-04,Fitbit calorie adjustment,Cardio,15.0,1,,,,,
2014-09-05,Fitbit calorie adjustment,Cardio,294.0,1,,,,,
2014-09-06,Fitbit calorie adjustment,Cardio,299.0,1,,,,,
2014-09-07,Fitbit calorie adjustment,Cardio,-1.0,1,,,,,
2014-09-08,Fitbit calorie adjustment,Cardio,81.0,1,,,,,
2014-09-09,Fitbit calorie adjustment,Cardio,-27.0,1,,,,,
2014-09-10,Fitbit calorie adjustment,Cardio,416.0,1,,,,,
2014-09-11,Fitbit calorie adjustment,Cardio,416.0,1,,,,,
2014-09-12,Fitbit calorie adjustment,Cardio,416.0,1,,,,,
2014-09-13,Fitbit calorie adjustment,Cardio,416.0,1,,,,,
2014-09-14,Fitbit calorie adjustment,Cardio,416.0,1,,,,,
2014-09-15,Fitbit calorie adjustment,Cardio,416.0,1,,,,,
2014-09-16,Fitbit calorie adjustment,Cardio,416.0,1,,,,,
2014-09-17,Fitbit calorie adjustment,Cardio,415.0,1,,,,,
2014-09-18,Fitbit calorie adjustment,Cardio,311.0,1,,,,,
2014-09-19,Fitbit calorie adjustment,Cardio,247.0,1,,,,,
2014-09-20,Fitbit calorie adjustment,Cardio,415.0,1,,,,,
2014-09-21,Fitbit calorie adjustment,Cardio,415.0,1,,,,,
2014-09-22,Fitbit calorie adjustment,Cardio,415.0,1,,,,,
2014-09-23,Fitbit calorie adjustment,Cardio,21.0,1,,,,,
2014-09-24,Fitbit calorie adjustment,Cardio,120.0,1,,,,,
2014-09-25,Fitbit calorie adjustment,Cardio,149.0,1,,,,,
2014-09-26,Fitbit calorie adjustment,Cardio,21.0,1,,,,,
2014-09-27,Fitbit calorie adjustment,Cardio,-116.0,1,,,,,
2014-09-28,Fitbit calorie adjustment,Cardio,418.0,1,,,,,
2014-09-29,Fitbit calorie adjustment,Cardio,418.0,1,,,,,
2014-09-30,Fitbit calorie adjustment,Cardio,-24.0,1,,,,,
2014-10-01,Fitbit calorie adjustment,Cardio,417.0,1,,,,,
2014-10-02,Fitbit calorie adjustment,Cardio,417.0,1,,,,,
2014-10-03,Fitbit calorie adjustment,Cardio,417.0,1,,,,,
2014-10-04,Fitbit calorie adjustment,Cardio,417.0,1,,,,,
2014-10-05,Fitbit calorie adjustment,Cardio,417.0,1,,,,,
2014-10-06,Fitbit calorie adjustment,Cardio,-146.0,1,,,,,
2014-10-07,Fitbit calorie adjustment,Cardio,71.0,1,,,,,
2014-10-08,Fitbit calorie adjustment,Cardio,163.0,1,,,,,
2014-10-09,Fitbit calorie adjustment,Cardio,-78.0,1,,,,,
2014-10-10,Fitbit calorie adjustment,Cardio,-175.0,1,,,,,
2014-10-11,Fitbit calorie adjustment,Cardio,55.0,1,,,,,
2014-10-12,Fitbit calorie adjustment,Cardio,431.0,1,,,,,
2014-10-13,Fitbit calorie adjustment,Cardio,694.0,1,,,,,
2014-10-14,Fitbit calorie adjustment,Cardio,-174.0,1,,,,,
2014-10-15,Fitbit calorie adjustment,Cardio,38.0,1,,,,,
2014-10-16,Fitbit calorie adjustment,Cardio,-250.0,1,,,,,
2014-10-17,Fitbit calorie adjustment,Cardio,419.0,1,,,,,
2014-10-18,Fitbit calorie adjustment,Cardio,419.0,1,,,,,
2014-10-19,Fitbit calorie adjustment,Cardio,-250.0,1,,,,,
2014-10-20,Fitbit calorie adjustment,Cardio,-113.0,1,,,,,
2014-10-21,Fitbit calorie adjustment,Cardio,-14.0,1,,,,,
2014-10-22,Fitbit calorie adjustment,Cardio,-88.0,1,,,,,
2014-10-23,Fitbit calorie adjustment,Cardio,-156.0,1,,,,,
2014-10-24,Fitbit calorie adjustment,Cardio,62.0,1,,,,,
2014-10-25,Fitbit calorie adjustment,Cardio,419.0,1,,,,,
2014-10-26,Fitbit calorie adjustment,Cardio,419.0,1,,,,,
2014-10-27,Fitbit calorie adjustment,Cardio,-75.0,1,,,,,
2014-10-28,Fitbit calorie adjustment,Cardio,65.0,1,,,,,
2014-10-29,Fitbit calorie adjustment,Cardio,148.0,1,,,,,
2014-10-30,Fitbit calorie adjustment,Cardio,252.0,1,,,,,
2014-10-31,Fitbit calorie adjustment,Cardio,313.0,1,,,,,
2014-11-01,Fitbit calorie adjustment,Cardio,-250.0,1,,,,,
2014-11-02,Fitbit calorie adjustment,Cardio,419.0,1,,,,,
2014-11-03,Fitbit calorie adjustment,Cardio,-77.0,1,,,,,
2014-11-04,Fitbit calorie adjustment,Cardio,131.0,1,,,,,
2014-11-05,Fitbit calorie adjustment,Cardio,-42.0,1,,,,,
2014-11-06,Fitbit calorie adjustment,Cardio,-6.0,1,,,,,
2014-11-07,Fitbit calorie adjustment,Cardio,-192.0,1,,,,,
2014-11-08,Fitbit calorie adjustment,Cardio,-250.0,1,,,,,
2014-11-09,Fitbit calorie adjustment,Cardio,419.0,1,,,,,
2014-11-10,Fitbit calorie adjustment,Cardio,419.0,1,,,,,
2014-11-11,Fitbit calorie adjustment,Cardio,419.0,1,,,,,
2014-11-12,Fitbit calorie adjustment,Cardio,-170.0,1,,,,,
2014-11-13,Fitbit calorie adjustment,Cardio,419.0,1,,,,,
2014-11-14,Fitbit calorie adjustment,Cardio,419.0,1,,,,,
2014-11-15,Fitbit calorie adjustment,Cardio,419.0,1,,,,,
2014-11-16,Fitbit calorie adjustment,Cardio,419.0,1,,,,,
2014-11-17,Fitbit calorie adjustment,Cardio,-250.0,1,,,,,
2014-11-18,Fitbit calorie adjustment,Cardio,-128.0,1,,,,,
2014-11-19,Fitbit calorie adjustment,Cardio,-170.0,1,,,,,
2014-11-20,Fitbit calorie adjustment,Cardio,-154.0,1,,,,,
2014-11-21,Fitbit calorie adjustment,Cardio,419.0,1,,,,,
2014-11-22,Fitbit calorie adjustment,Cardio,419.0,1,,,,,
2014-11-23,Fitbit calorie adjustment,Cardio,-250.0,1,,,,,
2014-11-24,Fitbit calorie adjustment,Cardio,-250.0,1,,,,,
2014-11-25,Fitbit calorie adjustment,Cardio,27.0,1,,,,,
2014-11-26,Fitbit calorie adjustment,Cardio,17.0,1,,,,,
2014-11-27,Fitbit calorie adjustment,Cardio,-76.0,1,,,,,
2014-11-28,Fitbit calorie adjustment,Cardio,7.0,1,,,,,
2014-11-29,Fitbit calorie adjustment,Cardio,-250.0,1,,,,,
2014-11-30,Fitbit calorie adjustment,Cardio,-246.0,1,,,,,
2014-12-01,Fitbit calorie adjustment,Cardio,-160.0,1,,,,,
2014-12-02,Fitbit calorie adjustment,Cardio,-151.0,1,,,,,
2014-12-03,Fitbit calorie adjustment,Cardio,-250.0,1,,,,,
2014-12-04,Fitbit calorie adjustment,Cardio,-34.0,1,,,,,
2014-12-05,Fitbit calorie adjustment,Cardio,419.0,1,,,,,
2014-12-06,Fitbit calorie adjustment,Cardio,419.0,1,,,,,
2014-12-07,Fitbit calorie adjustment,Cardio,-250.0,1,,,,,
2014-12-08,Fitbit calorie adjustment,Cardio,-149.0,1,,,,,
2014-12-09,Fitbit calorie adjustment,Cardio,25.0,1,,,,,
2014-12-10,Fitbit calorie adjustment,Cardio,-422.0,1,,,,,
2014-12-10,"Running (jogging), 5.2 mph (11.5 min mile)",Cardio,55.0,8,,,,,
2014-12-10,"Walking, 4.0 mph, very brisk pace",Cardio,117.0,22,,,,,
2014-12-11,Fitbit calorie adjustment,Cardio,-118.0,1,,,,,
2014-12-12,Fitbit calorie adjustment,Cardio,-25.0,1,,,,,
2014-12-13,Fitbit calorie adjustment,Cardio,419.0,1,,,,,
2014-12-14,Fitbit calorie adjustment,Cardio,-250.0,1,,,,,
2014-12-15,Fitbit calorie adjustment,Cardio,419.0,1,,,,,
2014-12-16,Fitbit calorie adjustment,Cardio,-162.0,1,,,,,
2014-12-17,Fitbit calorie adjustment,Cardio,28.0,1,,,,,
2014-12-18,Fitbit calorie adjustment,Cardio,174.0,1,,,,,
2014-12-19,Fitbit calorie adjustment,Cardio,0.0,1,,,,,
2014-12-20,Fitbit calorie adjustment,Cardio,0.0,1,,,,,
2014-12-21,Fitbit calorie adjustment,Cardio,0.0,1,,,,,
2014-12-22,Fitbit calorie adjustment,Cardio,421.0,1,,,,,
2014-12-23,Fitbit calorie adjustment,Cardio,0.0,1,,,,,
2014-12-24,Fitbit calorie adjustment,Cardio,69.0,1,,,,,
2014-12-25,Fitbit calorie adjustment,Cardio,0.0,1,,,,,
2014-12-26,Fitbit calorie adjustment,Cardio,421.0,1,,,,,
2014-12-27,Fitbit calorie adjustment,Cardio,0.0,1,,,,,
2014-12-28,Fitbit calorie adjustment,Cardio,0.0,1,,,,,
2014-12-29,Fitbit calorie adjustment,Cardio,0.0,1,,,,,
2014-12-30,Fitbit calorie adjustment,Cardio,421.0,1,,,,,
2014-12-31,Fitbit calorie adjustment,Cardio,421.0,1,,,,,
2015-01-01,Fitbit calorie adjustment,Cardio,0.0,1,,,,,
2015-01-02,Fitbit calorie adjustment,Cardio,0.0,1,,,,,
2015-01-03,Fitbit calorie adjustment,Cardio,421.0,1,,,,,
2015-01-04,Fitbit calorie adjustment,Cardio,421.0,1,,,,,
2015-01-05,Fitbit calorie adjustment,Cardio,0.0,1,,,,,
2015-01-06,Fitbit calorie adjustment,Cardio,0.0,1,,,,,
2015-01-07,Fitbit calorie adjustment,Cardio,0.0,1,,,,,
2015-01-08,Fitbit calorie adjustment,Cardio,0.0,1,,,,,
2015-01-09,Fitbit calorie adjustment,Cardio,0.0,1,,,,,
2015-01-10,Fitbit calorie adjustment,Cardio,422.0,1,,,,,
2015-01-11,Fitbit calorie adjustment,Cardio,422.0,1,,,,,
2015-01-12,Fitbit calorie adjustment,Cardio,-300.0,1,,,,,
2015-01-13,Fitbit calorie adjustment,Cardio,-300.0,1,,,,,
2015-01-14,Fitbit calorie adjustment,Cardio,-300.0,1,,,,,
2015-01-15,Fitbit calorie adjustment,Cardio,-88.0,1,,,,,
2015-01-16,Fitbit calorie adjustment,Cardio,-281.0,1,,,,,
2015-01-17,Fitbit calorie adjustment,Cardio,420.0,1,,,,,
2015-01-18,Fitbit calorie adjustment,Cardio,-300.0,1,,,,,
2015-01-19,Fitbit calorie adjustment,Cardio,-116.0,1,,,,,
2015-01-20,Fitbit calorie adjustment,Cardio,-74.0,1,,,,,
2015-01-21,Fitbit calorie adjustment,Cardio,-178.0,1,,,,,
2015-01-22,Fitbit calorie adjustment,Cardio,-169.0,1,,,,,
2015-01-23,Fitbit calorie adjustment,Cardio,-118.0,1,,,,,
2015-01-24,Fitbit calorie adjustment,Cardio,417.0,1,,,,,
2015-01-25,Fitbit calorie adjustment,Cardio,64.0,1,,,,,
2015-01-26,Fitbit calorie adjustment,Cardio,39.0,1,,,,,
2015-01-27,Fitbit calorie adjustment,Cardio,-87.0,1,,,,,
2015-01-28,Fitbit calorie adjustment,Cardio,154.0,1,,,,,
2015-01-29,Fitbit calorie adjustment,Cardio,-41.0,1,,,,,
2015-01-30,Fitbit calorie adjustment,Cardio,-63.0,1,,,,,
2015-01-31,Fitbit calorie adjustment,Cardio,-300.0,1,,,,,
2015-02-01,Fitbit calorie adjustment,Cardio,-147.0,1,,,,,
2015-02-02,Fitbit calorie adjustment,Cardio,162.0,1,,,,,
2015-02-03,Fitbit calorie adjustment,Cardio,-82.0,1,,,,,
2015-02-04,Fitbit calorie adjustment,Cardio,-164.0,1,,,,,
2015-02-05,Fitbit calorie adjustment,Cardio,-300.0,1,,,,,
2015-02-06,Fitbit calorie adjustment,Cardio,145.0,1,,,,,
2015-02-07,Fitbit calorie adjustment,Cardio,-300.0,1,,,,,
2015-02-08,Fitbit calorie adjustment,Cardio,-300.0,1,,,,,
2015-02-09,Fitbit calorie adjustment,Cardio,-162.0,1,,,,,
2015-02-10,Fitbit calorie adjustment,Cardio,-192.0,1,,,,,
2015-02-11,Fitbit calorie adjustment,Cardio,-135.0,1,,,,,
2015-02-12,Fitbit calorie adjustment,Cardio,-111.0,1,,,,,
2015-02-13,Fitbit calorie adjustment,Cardio,-81.0,1,,,,,
2015-02-14,Fitbit calorie adjustment,Cardio,-300.0,1,,,,,
2015-02-15,Fitbit calorie adjustment,Cardio,-300.0,1,,,,,
2015-02-16,Fitbit calorie adjustment,Cardio,-300.0,1,,,,,
2015-02-17,Fitbit calorie adjustment,Cardio,-98.0,1,,,,,
2015-02-18,Fitbit calorie adjustment,Cardio,-78.0,1,,,,,
2015-02-19,Fitbit calorie adjustment,Cardio,-300.0,1,,,,,
2015-02-20,Fitbit calorie adjustment,Cardio,-300.0,1,,,,,
2015-02-21,Fitbit calorie adjustment,Cardio,-300.0,1,,,,,
2015-02-22,Fitbit calorie adjustment,Cardio,-300.0,1,,,,,
2015-02-23,Fitbit calorie adjustment,Cardio,-216.0,1,,,,,
2015-02-24,Fitbit calorie adjustment,Cardio,93.0,1,,,,,
2015-02-25,Fitbit calorie adjustment,Cardio,-59.0,1,,,,,
2015-02-26,Fitbit calorie adjustment,Cardio,-141.0,1,,,,,
2015-02-27,Fitbit calorie adjustment,Cardio,-104.0,1,,,,,
2015-02-28,Fitbit calorie adjustment,Cardio,-300.0,1,,,,,
2015-03-01,Fitbit calorie adjustment,Cardio,-66.0,1,,,,,
2015-03-02,Fitbit calorie adjustment,Cardio,-148.0,1,,,,,
2015-03-03,Fitbit calorie adjustment,Cardio,-74.0,1,,,,,
2015-03-04,Fitbit calorie adjustment,Cardio,40.0,1,,,,,
2015-03-05,Fitbit calorie adjustment,Cardio,-69.0,1,,,,,
2015-03-06,Fitbit calorie adjustment,Cardio,-300.0,1,,,,,
2015-03-07,Fitbit calorie adjustment,Cardio,-300.0,1,,,,,
2015-03-08,Fitbit calorie adjustment,Cardio,-300.0,1,,,,,
2015-03-09,Fitbit calorie adjustment,Cardio,-300.0,1,,,,,
2015-03-10,Fitbit calorie adjustment,Cardio,-300.0,1,,,,,
2015-03-11,Fitbit calorie adjustment,Cardio,-268.0,1,,,,,
2015-03-11,"Running (jogging), 5.2 mph (11.5 min mile)",Cardio,55.0,8,,,,,
2015-03-11,"Walking, 4.0 mph, very brisk pace",Cardio,117.0,22,,,,,
2015-03-12,Fitbit calorie adjustment,Cardio,-144.0,1,,,,,
2015-03-13,Fitbit calorie adjustment,Cardio,17.0,1,,,,,
2015-03-14,Fitbit calorie adjustment,Cardio,-300.0,1,,,,,
2015-03-15,Fitbit calorie adjustment,Cardio,-36.0,1,,,,,
2015-03-16,Fitbit calorie adjustment,Cardio,-300.0,1,,,,,
2015-03-17,Fitbit calorie adjustment,Cardio,-300.0,1,,,,,
2015-03-18,Fitbit calorie adjustment,Cardio,-300.0,1,,,,,
2015-03-19,Fitbit calorie adjustment,Cardio,-300.0,1,,,,,
2015-03-20,Fitbit calorie adjustment,Cardio,-300.0,1,,,,,
2015-03-21,Fitbit calorie adjustment,Cardio,-300.0,1,,,,,
2015-03-22,Fitbit calorie adjustment,Cardio,-300.0,1,,,,,
2015-03-23,Fitbit calorie adjustment,Cardio,-300.0,1,,,,,
2015-03-24,Fitbit calorie adjustment,Cardio,-300.0,1,,,,,
2015-03-25,Fitbit calorie adjustment,Cardio,-108.0,1,,,,,
2015-03-26,Fitbit calorie adjustment,Cardio,7.0,1,,,,,
2015-03-27,Fitbit calorie adjustment,Cardio,-300.0,1,,,,,
2015-03-28,Fitbit calorie adjustment,Cardio,-300.0,1,,,,,
2015-03-29,Fitbit calorie adjustment,Cardio,-300.0,1,,,,,
2015-03-30,Fitbit calorie adjustment,Cardio,-300.0,1,,,,,
2015-04-01,Fitbit calorie adjustment,Cardio,-146.0,1,,,,,
2015-04-02,Fitbit calorie adjustment,Cardio,-130.0,1,,,,,
2015-04-03,Fitbit calorie adjustment,Cardio,63.0,1,,,,,
2015-04-04,Fitbit calorie adjustment,Cardio,-300.0,1,,,,,
2015-04-05,Fitbit calorie adjustment,Cardio,159.0,1,,,,,
2015-04-06,Fitbit calorie adjustment,Cardio,-300.0,1,,,,,
2015-04-07,Fitbit calorie adjustment,Cardio,-195.0,1,,,,,
2015-04-08,Fitbit calorie adjustment,Cardio,-227.0,1,,,,,
2015-04-09,Fitbit calorie adjustment,Cardio,-170.0,1,,,,,
2015-04-10,Fitbit calorie adjustment,Cardio,-150.0,1,,,,,
2015-04-11,Fitbit calorie adjustment,Cardio,2.0,1,,,,,
2015-04-12,Fitbit calorie adjustment,Cardio,-206.0,1,,,,,
2015-04-13,Fitbit calorie adjustment,Cardio,-300.0,1,,,,,
2015-04-14,Fitbit calorie adjustment,Cardio,-140.0,1,,,,,
2015-04-15,Fitbit calorie adjustment,Cardio,-132.0,1,,,,,
2015-04-16,Fitbit calorie adjustment,Cardio,-156.0,1,,,,,
2015-04-17,Fitbit calorie adjustment,Cardio,-194.0,1,,,,,
2015-04-18,Fitbit calorie adjustment,Cardio,149.0,1,,,,,
2015-04-19,Fitbit calorie adjustment,Cardio,-300.0,1,,,,,
2015-04-20,Fitbit calorie adjustment,Cardio,-300.0,1,,,,,
2015-04-21,Fitbit calorie adjustment,Cardio,-165.0,1,,,,,
2015-04-22,Fitbit calorie adjustment,Cardio,76.0,1,,,,,
2015-04-23,Fitbit calorie adjustment,Cardio,-129.0,1,,,,,
2015-04-24,Fitbit calorie adjustment,Cardio,-15.0,1,,,,,
2015-04-25,Fitbit calorie adjustment,Cardio,-300.0,1,,,,,
2015-04-26,Fitbit calorie adjustment,Cardio,-268.0,1,,,,,
2015-04-27,Fitbit calorie adjustment,Cardio,-78.0,1,,,,,
2015-04-28,Fitbit calorie adjustment,Cardio,-6.0,1,,,,,
2015-04-29,Fitbit calorie adjustment,Cardio,-117.0,1,,,,,
2015-04-30,Fitbit calorie adjustment,Cardio,-40.0,1,,,,,
2015-05-01,Fitbit calorie adjustment,Cardio,-90.0,1,,,,,
2015-05-02,Fitbit calorie adjustment,Cardio,-300.0,1,,,,,
2015-05-03,Fitbit calorie adjustment,Cardio,-300.0,1,,,,,
2015-05-04,Fitbit calorie adjustment,Cardio,-300.0,1,,,,,
2015-05-05,Fitbit calorie adjustment,Cardio,-85.0,1,,,,,
2015-05-06,Fitbit calorie adjustment,Cardio,-36.0,1,,,,,
2015-05-07,Fitbit calorie adjustment,Cardio,-178.0,1,,,,,
2015-05-08,Fitbit calorie adjustment,Cardio,-213.0,1,,,,,
2015-05-09,Fitbit calorie adjustment,Cardio,-300.0,1,,,,,
2015-05-10,Fitbit calorie adjustment,Cardio,-300.0,1,,,,,
2015-05-11,Fitbit calorie adjustment,Cardio,-162.0,1,,,,,
2015-05-12,Fitbit calorie adjustment,Cardio,-168.0,1,,,,,
2015-05-13,Fitbit calorie adjustment,Cardio,-230.0,1,,,,,
2015-05-14,Fitbit calorie adjustment,Cardio,-300.0,1,,,,,
2015-05-15,Fitbit calorie adjustment,Cardio,-300.0,1,,,,,
2015-05-16,Fitbit calorie adjustment,Cardio,-300.0,1,,,,,
2015-05-19,Fitbit calorie adjustment,Cardio,22.0,1,,,,,
2015-05-20,Fitbit calorie adjustment,Cardio,-300.0,1,,,,,
2015-05-21,Fitbit calorie adjustment,Cardio,-300.0,1,,,,,
2015-05-22,Fitbit calorie adjustment,Cardio,-300.0,1,,,,,
2015-05-23,Fitbit calorie adjustment,Cardio,-300.0,1,,,,,
2015-05-24,Fitbit calorie adjustment,Cardio,-300.0,1,,,,,
2015-05-25,Fitbit calorie adjustment,Cardio,-27.0,1,,,,,
2015-05-26,Fitbit calorie adjustment,Cardio,-149.0,1,,,,,
2015-05-27,Fitbit calorie adjustment,Cardio,-179.0,1,,,,,
2015-05-28,Fitbit calorie adjustment,Cardio,-143.0,1,,,,,
2015-05-29,Fitbit calorie adjustment,Cardio,-66.0,1,,,,,
2015-05-30,Fitbit calorie adjustment,Cardio,-300.0,1,,,,,
2015-05-31,Fitbit calorie adjustment,Cardio,-300.0,1,,,,,
2015-06-01,Fitbit calorie adjustment,Cardio,-210.0,1,,,,,
2015-06-02,Fitbit calorie adjustment,Cardio,-281.0,1,,,,,
2015-06-03,Fitbit calorie adjustment,Cardio,-300.0,1,,,,,
2015-06-04,Fitbit calorie adjustment,Cardio,-300.0,1,,,,,
2015-06-05,Fitbit calorie adjustment,Cardio,-300.0,1,,,,,
2015-06-06,Fitbit calorie adjustment,Cardio,-300.0,1,,,,,
2015-06-07,Fitbit calorie adjustment,Cardio,-300.0,1,,,,,
2015-06-08,Fitbit calorie adjustment,Cardio,-300.0,1,,,,,
2015-06-09,Fitbit calorie adjustment,Cardio,-300.0,1,,,,,
2015-06-10,Fitbit calorie adjustment,Cardio,-300.0,1,,,,,
2015-06-11,Fitbit calorie adjustment,Cardio,-300.0,1,,,,,
2015-06-12,Fitbit calorie adjustment,Cardio,-300.0,1,,,,,
2015-06-13,Fitbit calorie adjustment,Cardio,-300.0,1,,,,,
2015-06-14,Fitbit calorie adjustment,Cardio,-464.0,1,,,,,
2015-06-14,"Walking, 3.0 mph, mod. pace, walking dog",Cardio,164.0,30,,,,,
2015-06-15,Fitbit calorie adjustment,Cardio,-300.0,1,,,,,
2015-06-16,Fitbit calorie adjustment,Cardio,-300.0,1,,,,,
2015-06-17,Fitbit calorie adjustment,Cardio,-300.0,1,,,,,
2015-06-18,Fitbit calorie adjustment,Cardio,-300.0,1,,,,,
2015-11-02,Fitbit calorie adjustment,Cardio,0.0,1,,,,,
2015-11-03,Fitbit calorie adjustment,Cardio,0.0,1,,,,,
2015-11-04,Fitbit calorie adjustment,Cardio,0.0,1,,,,,
2015-11-05,Fitbit calorie adjustment,Cardio,0.0,1,,,,,
2015-11-06,Fitbit calorie adjustment,Cardio,0.0,1,,,,,
2015-11-07,Fitbit calorie adjustment,Cardio,0.0,1,,,,,
2015-11-08,Fitbit calorie adjustment,Cardio,0.0,1,,,,,
2015-11-09,Fitbit calorie adjustment,Cardio,0.0,1,,,,,
2015-11-10,Fitbit calorie adjustment,Cardio,-90.0,1,,,,,
2015-11-10,"Walking, 4.0 mph, very brisk pace",Cardio,80.0,15,,,,,
2015-11-11,Fitbit calorie adjustment,Cardio,-10.0,1,,,,,
2015-11-12,Fitbit calorie adjustment,Cardio,-90.0,1,,,,,
2015-11-12,"Walking, 4.0 mph, very brisk pace",Cardio,80.0,15,,,,,
2017-01-10,MFP iOS calorie adjustment,Cardio,40.0,1,,,,,
2017-01-11,MFP iOS calorie adjustment,Cardio,37.0,1,,,,,
2017-01-12,MFP iOS calorie adjustment,Cardio,46.0,1,,,,,
2017-01-13,MFP iOS calorie adjustment,Cardio,54.0,1,,,,,
2017-01-14,MFP iOS calorie adjustment,Cardio,25.0,1,,,,,
2017-01-16,MFP iOS calorie adjustment,Cardio,23.0,1,,,,,
2017-01-17,Bodyweight Training,Cardio,397.0,30,,,,,
2017-01-17,MFP iOS calorie adjustment,Cardio,-12.0,1,,,,,
2017-01-18,MFP iOS calorie adjustment,Cardio,22.0,1,,,,,
2017-01-19,MFP iOS calorie adjustment,Cardio,-11.0,1,,,,,
2017-01-19,"Strength training (weight lifting, weight training)",Cardio,402.0,37,,,,,
2017-01-20,MFP iOS calorie adjustment,Cardio,45.0,1,,,,,
2017-01-21,MFP iOS calorie adjustment,Cardio,0.0,1,,,,,
2017-01-22,MFP iOS calorie adjustment,Cardio,0.0,1,,,,,
2017-01-23,MFP iOS calorie adjustment,Cardio,48.0,1,,,,,
2017-01-24,MFP iOS calorie adjustment,Cardio,22.0,1,,,,,
2017-01-25,MFP iOS calorie adjustment,Cardio,28.0,1,,,,,
2017-01-26,MFP iOS calorie adjustment,Cardio,28.0,1,,,,,
2017-01-27,MFP iOS calorie adjustment,Cardio,34.0,1,,,,,
2017-01-28,MFP iOS calorie adjustment,Cardio,35.0,1,,,,,
2017-01-29,MFP iOS calorie adjustment,Cardio,0.0,1,,,,,
2017-01-30,MFP iOS calorie adjustment,Cardio,73.0,1,,,,,
2017-01-31,MFP iOS calorie adjustment,Cardio,-98.0,1,,,,,
2017-01-31,"Strength training (weight lifting, weight training)",Cardio,380.0,44,,,,,
2017-01-31,"Walking, 2.0 mph, slow pace",Cardio,110.0,24,,,,,
2017-02-01,MFP iOS calorie adjustment,Cardio,44.0,1,,,,,
2017-02-02,MFP iOS calorie adjustment,Cardio,55.0,1,,,,,
2017-02-03,MFP iOS calorie adjustment,Cardio,61.0,1,,,,,
2017-02-04,MFP iOS calorie adjustment,Cardio,-131.0,1,,,,,
2017-02-04,"Running (jogging), 5.2 mph (11.5 min mile)",Cardio,131.8,8,,,,,
2017-02-04,"Strength training (weight lifting, weight training)",Cardio,838.0,76,,,,,
2017-02-05,MFP iOS calorie adjustment,Cardio,9.0,1,,,,,
2017-02-06,MFP iOS calorie adjustment,Cardio,36.0,1,,,,,
2017-02-07,MFP iOS calorie adjustment,Cardio,32.0,1,,,,,
2017-02-07,"Walking, 3.5 mph, brisk pace",Cardio,126.0,18,,,,,
2017-02-08,MFP iOS calorie adjustment,Cardio,49.0,1,,,,,
2017-02-09,MFP iOS calorie adjustment,Cardio,-14.0,1,,,,,
2017-02-09,"Strength training (weight lifting, weight training)",Cardio,560.0,54,,,,,
2017-02-10,MFP iOS calorie adjustment,Cardio,0.0,1,,,,,
2017-02-11,MFP iOS calorie adjustment,Cardio,41.0,1,,,,,
2017-02-12,MFP iOS calorie adjustment,Cardio,0.0,1,,,,,
2017-02-13,MFP iOS calorie adjustment,Cardio,85.0,1,,,,,
2017-02-14,MFP iOS calorie adjustment,Cardio,-70.0,1,,,,,
2017-02-14,"Strength training (weight lifting, weight training)",Cardio,803.0,96,,,,,
2017-02-14,"Walking, 2.0 mph, slow pace",Cardio,119.0,14,,,,,
2017-02-15,MFP iOS calorie adjustment,Cardio,19.0,1,,,,,
2017-02-16,MFP iOS calorie adjustment,Cardio,44.0,1,,,,,
2017-02-17,MFP iOS calorie adjustment,Cardio,33.0,1,,,,,
2017-02-18,MFP iOS calorie adjustment,Cardio,41.0,1,,,,,
2017-02-19,MFP iOS calorie adjustment,Cardio,0.0,1,,,,,
2017-02-20,MFP iOS calorie adjustment,Cardio,56.0,1,,,,,
2017-02-21,MFP iOS calorie adjustment,Cardio,-1.0,1,,,,,
2017-02-21,"Strength training (weight lifting, weight training)",Cardio,487.0,55,,,,,
2017-02-21,"Walking, 2.0 mph, slow pace",Cardio,166.0,31,,,,,
2017-02-22,MFP iOS calorie adjustment,Cardio,62.0,1,,,,,
2017-02-23,MFP iOS calorie adjustment,Cardio,47.0,1,,,,,
2017-02-23,"Walking, 2.0 mph, slow pace",Cardio,42.0,4,,,,,
2017-02-24,MFP iOS calorie adjustment,Cardio,24.0,1,,,,,
2017-02-25,MFP iOS calorie adjustment,Cardio,15.0,1,,,,,
2017-02-26,MFP iOS calorie adjustment,Cardio,0.0,1,,,,,
2017-02-27,MFP iOS calorie adjustment,Cardio,30.0,1,,,,,
2017-02-28,MFP iOS calorie adjustment,Cardio,60.0,1,,,,,
2017-03-01,MFP iOS calorie adjustment,Cardio,43.0,1,,,,,
2017-03-02,MFP iOS calorie adjustment,Cardio,92.0,1,,,,,
2017-03-03,MFP iOS calorie adjustment,Cardio,57.0,1,,,,,
2017-03-04,MFP iOS calorie adjustment,Cardio,138.0,1,,,,,
2017-03-05,MFP iOS calorie adjustment,Cardio,46.0,1,,,,,
2017-03-06,MFP iOS calorie adjustment,Cardio,112.0,1,,,,,
2017-03-07,MFP iOS calorie adjustment,Cardio,40.0,1,,,,,
2017-03-08,MFP iOS calorie adjustment,Cardio,39.0,1,,,,,
2017-03-09,MFP iOS calorie adjustment,Cardio,84.0,1,,,,,
2017-03-10,MFP iOS calorie adjustment,Cardio,109.0,1,,,,,
2017-03-11,MFP iOS calorie adjustment,Cardio,128.0,1,,,,,
2017-03-12,MFP iOS calorie adjustment,Cardio,61.0,1,,,,,
2017-03-13,MFP iOS calorie adjustment,Cardio,47.0,1,,,,,
2017-03-14,MFP iOS calorie adjustment,Cardio,62.0,1,,,,,
2017-03-15,MFP iOS calorie adjustment,Cardio,72.0,1,,,,,
2017-03-16,MFP iOS calorie adjustment,Cardio,116.0,1,,,,,
2017-03-17,MFP iOS calorie adjustment,Cardio,33.0,1,,,,,
2017-03-18,MFP iOS calorie adjustment,Cardio,1.0,1,,,,,
2017-03-19,MFP iOS calorie adjustment,Cardio,7.0,1,,,,,
2017-03-20,MFP iOS calorie adjustment,Cardio,56.0,1,,,,,
2017-03-21,MFP iOS calorie adjustment,Cardio,83.0,1,,,,,
2017-03-22,MFP iOS calorie adjustment,Cardio,7.0,1,,,,,
2017-03-24,MFP iOS calorie adjustment,Cardio,2.0,1,,,,,
2017-03-25,MFP iOS calorie adjustment,Cardio,43.0,1,,,,,
2017-03-26,MFP iOS calorie adjustment,Cardio,9.0,1,,,,,
2017-03-27,MFP iOS calorie adjustment,Cardio,26.0,1,,,,,
2017-03-28,MFP iOS calorie adjustment,Cardio,86.0,1,,,,,
2017-03-29,MFP iOS calorie adjustment,Cardio,73.0,1,,,,,
2017-03-30,MFP iOS calorie adjustment,Cardio,26.0,1,,,,,
2017-03-31,MFP iOS calorie adjustment,Cardio,162.0,1,,,,,
2017-04-01,MFP iOS calorie adjustment,Cardio,53.0,1,,,,,
2017-04-02,MFP iOS calorie adjustment,Cardio,5.0,1,,,,,
2017-04-03,MFP iOS calorie adjustment,Cardio,46.0,1,,,,,
2017-04-04,MFP iOS calorie adjustment,Cardio,21.0,1,,,,,
2017-04-05,MFP iOS calorie adjustment,Cardio,30.0,1,,,,,
2017-04-06,MFP iOS calorie adjustment,Cardio,10.0,1,,,,,
2017-04-07,MFP iOS calorie adjustment,Cardio,67.0,1,,,,,
2017-04-08,MFP iOS calorie adjustment,Cardio,45.0,1,,,,,
2017-04-09,MFP iOS calorie adjustment,Cardio,0.0,1,,,,,
2017-04-10,MFP iOS calorie adjustment,Cardio,81.0,1,,,,,
2017-04-11,MFP iOS calorie adjustment,Cardio,54.0,1,,,,,
2017-04-12,MFP iOS calorie adjustment,Cardio,36.0,1,,,,,
2017-04-13,MFP iOS calorie adjustment,Cardio,48.0,1,,,,,
2017-04-14,MFP iOS calorie adjustment,Cardio,9.0,1,,,,,
2017-04-17,MFP iOS calorie adjustment,Cardio,38.0,1,,,,,
2017-04-18,MFP iOS calorie adjustment,Cardio,98.0,1,,,,,
2017-04-19,MFP iOS calorie adjustment,Cardio,27.0,1,,,,,
2017-04-20,MFP iOS calorie adjustment,Cardio,53.0,1,,,,,
2017-04-21,MFP iOS calorie adjustment,Cardio,68.0,1,,,,,
2017-04-22,MFP iOS calorie adjustment,Cardio,21.0,1,,,,,
2017-04-24,MFP iOS calorie adjustment,Cardio,57.0,1,,,,,
2017-04-25,MFP iOS calorie adjustment,Cardio,26.0,1,,,,,
2017-04-26,MFP iOS calorie adjustment,Cardio,11.0,1,,,,,
2017-04-27,MFP iOS calorie adjustment,Cardio,33.0,1,,,,,
2017-04-28,MFP iOS calorie adjustment,Cardio,26.0,1,,,,,
2017-05-01,MFP iOS calorie adjustment,Cardio,2.0,1,,,,,
2017-05-02,MFP iOS calorie adjustment,Cardio,10.0,1,,,,,
2017-05-03,MFP iOS calorie adjustment,Cardio,54.0,1,,,,,
2017-05-04,MFP iOS calorie adjustment,Cardio,22.0,1,,,,,
2017-05-05,MFP iOS calorie adjustment,Cardio,80.0,1,,,,,
2017-05-06,MFP iOS calorie adjustment,Cardio,13.0,1,,,,,
2017-05-08,MFP iOS calorie adjustment,Cardio,42.0,1,,,,,
2017-05-09,MFP iOS calorie adjustment,Cardio,52.0,1,,,,,
2017-05-10,MFP iOS calorie adjustment,Cardio,16.0,1,,,,,
2017-05-11,MFP iOS calorie adjustment,Cardio,30.0,1,,,,,
2017-05-12,MFP iOS calorie adjustment,Cardio,25.0,1,,,,,
2017-05-13,MFP iOS calorie adjustment,Cardio,14.0,1,,,,,
2017-05-14,MFP iOS calorie adjustment,Cardio,2.0,1,,,,,
2017-05-15,MFP iOS calorie adjustment,Cardio,49.0,1,,,,,
2017-05-16,MFP iOS calorie adjustment,Cardio,49.0,1,,,,,
2017-05-17,MFP iOS calorie adjustment,Cardio,14.0,1,,,,,
2017-05-18,MFP iOS calorie adjustment,Cardio,0.0,1,,,,,
2017-05-19,MFP iOS calorie adjustment,Cardio,46.0,1,,,,,
2017-05-20,MFP iOS calorie adjustment,Cardio,1.0,1,,,,,
2017-05-21,MFP iOS calorie adjustment,Cardio,0.0,1,,,,,
2017-05-22,MFP iOS calorie adjustment,Cardio,0.0,1,,,,,
2017-05-23,MFP iOS calorie adjustment,Cardio,50.0,1,,,,,
2017-05-24,MFP iOS calorie adjustment,Cardio,44.0,1,,,,,
2017-05-25,MFP iOS calorie adjustment,Cardio,2.0,1,,,,,
2017-05-26,MFP iOS calorie adjustment,Cardio,36.0,1,,,,,
2017-05-27,MFP iOS calorie adjustment,Cardio,37.0,1,,,,,
2017-05-28,MFP iOS calorie adjustment,Cardio,0.0,1,,,,,
2017-05-29,MFP iOS calorie adjustment,Cardio,49.0,1,,,,,
2017-05-30,MFP iOS calorie adjustment,Cardio,36.0,1,,,,,
2017-05-31,MFP iOS calorie adjustment,Cardio,63.0,1,,,,,
2017-06-01,MFP iOS calorie adjustment,Cardio,0.0,1,,,,,
2017-06-02,MFP iOS calorie adjustment,Cardio,48.0,1,,,,,
2017-06-03,MFP iOS calorie adjustment,Cardio,1.0,1,,,,,
2017-06-04,MFP iOS calorie adjustment,Cardio,0.0,1,,,,,
2017-06-05,MFP iOS calorie adjustment,Cardio,19.0,1,,,,,
2017-06-06,MFP iOS calorie adjustment,Cardio,46.0,1,,,,,
2017-06-07,MFP iOS calorie adjustment,Cardio,50.0,1,,,,,
2017-06-08,MFP iOS calorie adjustment,Cardio,37.0,1,,,,,
2017-06-09,MFP iOS calorie adjustment,Cardio,4.0,1,,,,,
2017-06-10,MFP iOS calorie adjustment,Cardio,0.0,1,,,,,
2017-06-11,MFP iOS calorie adjustment,Cardio,3.0,1,,,,,
2017-06-12,MFP iOS calorie adjustment,Cardio,27.0,1,,,,,
2017-06-13,MFP iOS calorie adjustment,Cardio,26.0,1,,,,,
2017-06-14,MFP iOS calorie adjustment,Cardio,1.0,1,,,,,
2017-06-15,MFP iOS calorie adjustment,Cardio,2.0,1,,,,,
2017-06-16,MFP iOS calorie adjustment,Cardio,15.0,1,,,,,
2017-06-17,MFP iOS calorie adjustment,Cardio,0.0,1,,,,,
2017-06-18,MFP iOS calorie adjustment,Cardio,0.0,1,,,,,
2017-06-19,MFP iOS calorie adjustment,Cardio,54.0,1,,,,,
2017-06-20,MFP iOS calorie adjustment,Cardio,32.0,1,,,,,
2017-06-21,MFP iOS calorie adjustment,Cardio,32.0,1,,,,,
2017-06-22,MFP iOS calorie adjustment,Cardio,39.0,1,,,,,
2017-06-23,MFP iOS calorie adjustment,Cardio,75.0,1,,,,,
2017-06-24,MFP iOS calorie adjustment,Cardio,71.0,1,,,,,
2017-06-25,MFP iOS calorie adjustment,Cardio,12.0,1,,,,,
2017-06-26,MFP iOS calorie adjustment,Cardio,31.0,1,,,,,
2017-06-27,MFP iOS calorie adjustment,Cardio,50.0,1,,,,,
2017-06-28,MFP iOS calorie adjustment,Cardio,20.0,1,,,,,
2017-06-29,MFP iOS calorie adjustment,Cardio,41.0,1,,,,,
2017-11-20,MFP iOS calorie adjustment,Cardio,12.0,1,,,,,
2017-12-02,MFP iOS calorie adjustment,Cardio,9.0,1,,,,,
2017-12-03,MFP iOS calorie adjustment,Cardio,0.0,1,,,,,
2017-12-04,MFP iOS calorie adjustment,Cardio,70.0,1,,,,,
2017-12-05,MFP iOS calorie adjustment,Cardio,4.0,1,,,,,
2017-12-06,MFP iOS calorie adjustment,Cardio,19.0,1,,,,,
2017-12-07,MFP iOS calorie adjustment,Cardio,37.0,1,,,,,
2017-12-08,MFP iOS calorie adjustment,Cardio,37.0,1,,,,,
2017-12-09,MFP iOS calorie adjustment,Cardio,36.0,1,,,,,
2017-12-10,MFP iOS calorie adjustment,Cardio,5.0,1,,,,,
2017-12-11,MFP iOS calorie adjustment,Cardio,110.0,1,,,,,
2017-12-12,MFP iOS calorie adjustment,Cardio,62.0,1,,,,,
2017-12-13,MFP iOS calorie adjustment,Cardio,1.0,1,,,,,
2017-12-14,MFP iOS calorie adjustment,Cardio,1.0,1,,,,,
2019-05-04,MFP iOS calorie adjustment,Cardio,0.0,1,,,,,
2019-05-05,MFP iOS calorie adjustment,Cardio,0.0,1,,,,,
2019-05-06,MFP iOS calorie adjustment,Cardio,29.0,1,,,,,
2019-05-07,MFP iOS calorie adjustment,Cardio,74.0,1,,,,,
2019-05-08,MFP iOS calorie adjustment,Cardio,174.0,1,,,,,
2019-05-09,MFP iOS calorie adjustment,Cardio,81.0,1,,,,,
2019-05-10,MFP iOS calorie adjustment,Cardio,39.0,1,,,,,
2019-05-11,"Bicycling, 12-14 mph, moderate (cycling, biking, bike riding)",Cardio,120.0,8,,,,,
2019-05-11,MFP iOS calorie adjustment,Cardio,68.0,1,,,,,
2019-05-12,MFP iOS calorie adjustment,Cardio,27.0,1,,,,,
2019-05-13,MFP iOS calorie adjustment,Cardio,115.0,1,,,,,
2019-05-14,MFP iOS calorie adjustment,Cardio,134.0,1,,,,,
2019-05-15,MFP iOS calorie adjustment,Cardio,123.0,1,,,,,
2019-05-16,MFP iOS calorie adjustment,Cardio,0.0,1,,,,,
2019-05-17,MFP iOS calorie adjustment,Cardio,0.0,1,,,,,
2019-05-18,MFP iOS calorie adjustment,Cardio,0.0,1,,,,,
2019-05-19,MFP iOS calorie adjustment,Cardio,31.0,1,,,,,
2019-05-20,MFP iOS calorie adjustment,Cardio,4.0,1,,,,,
2019-05-21,MFP iOS calorie adjustment,Cardio,95.0,1,,,,,
2019-05-22,MFP iOS calorie adjustment,Cardio,83.0,1,,,,,
2019-05-23,MFP iOS calorie adjustment,Cardio,40.0,1,,,,,
2019-06-13,MFP iOS calorie adjustment,Cardio,0.0,1,,,,,
2019-06-14,MFP iOS calorie adjustment,Cardio,19.0,1,,,,,
2019-06-15,MFP iOS calorie adjustment,Cardio,30.0,1,,,,,
2019-06-16,MFP iOS calorie adjustment,Cardio,0.0,1,,,,,
2019-06-17,MFP iOS calorie adjustment,Cardio,8.0,1,,,,,
2019-06-18,MFP iOS calorie adjustment,Cardio,49.0,1,,,,,
2019-06-19,MFP iOS calorie adjustment,Cardio,68.0,1,,,,,
2019-06-20,MFP iOS calorie adjustment,Cardio,33.0,1,,,,,
2019-07-22,MFP iOS calorie adjustment,Cardio,0.0,1,,,,,
2019-07-23,MFP iOS calorie adjustment,Cardio,47.0,1,,,,,
2019-07-24,MFP iOS calorie adjustment,Cardio,40.0,1,,,,,
2019-07-25,MFP iOS calorie adjustment,Cardio,51.0,1,,,,,
2019-07-26,MFP iOS calorie adjustment,Cardio,66.0,1,,,,,
2019-07-27,MFP iOS calorie adjustment,Cardio,0.0,1,,,,,
2019-07-28,MFP iOS calorie adjustment,Cardio,3.0,1,,,,,
2019-07-29,MFP iOS calorie adjustment,Cardio,117.0,1,,,,,
2019-07-30,MFP iOS calorie adjustment,Cardio,1.0,1,,,,,
2019-07-31,MFP iOS calorie adjustment,Cardio,21.0,1,,,,,
2019-08-27,MFP iOS calorie adjustment,Cardio,87.0,1,,,,,
2019-08-28,MFP iOS calorie adjustment,Cardio,57.0,1,,,,,
2019-08-29,MFP iOS calorie adjustment,Cardio,0.0,1,,,,,
2019-08-30,MFP iOS calorie adjustment,Cardio,80.0,1,,,,,
2019-08-31,MFP iOS calorie adjustment,Cardio,70.0,1,,,,,
2019-09-01,MFP iOS calorie adjustment,Cardio,36.0,1,,,,,
2019-09-02,MFP iOS calorie adjustment,Cardio,-45.0,1,,,,,
2019-09-02,"Walking, 3.5 mph, brisk pace",Cardio,139.0,20,,,,,
2019-09-03,MFP iOS calorie adjustment,Cardio,-1020.0,1,,,,,
2019-09-03,"Walking, 3.5 mph, brisk pace",Cardio,134.0,20,,,,,
2019-09-04,MFP iOS calorie adjustment,Cardio,78.0,1,,,,,
2019-09-05,MFP iOS calorie adjustment,Cardio,85.0,1,,,,,
2019-09-06,MFP iOS calorie adjustment,Cardio,34.0,1,,,,,
2019-09-07,MFP iOS calorie adjustment,Cardio,42.0,1,,,,,
2019-09-08,MFP iOS calorie adjustment,Cardio,1.0,1,,,,,
2019-09-09,MFP iOS calorie adjustment,Cardio,96.0,1,,,,,
2019-09-10,MFP iOS calorie adjustment,Cardio,156.0,1,,,,,
2019-09-11,MFP iOS calorie adjustment,Cardio,77.0,1,,,,,
2021-03-31,MFP iOS calorie adjustment,Cardio,0.0,1,,,,27,
2022-07-24,MFP iOS calorie adjustment,Cardio,0.0,1,,,,242,
2022-07-25,MFP iOS calorie adjustment,Cardio,11.0,1,,,,1798,
2022-07-26,MFP iOS calorie adjustment,Cardio,85.0,1,,,,4302,
2022-07-27,MFP iOS calorie adjustment,Cardio,50.0,1,,,,3412,
2022-07-28,MFP iOS calorie adjustment,Cardio,14.0,1,,,,930,
2022-07-29,MFP iOS calorie adjustment,Cardio,5.0,1,,,,648,
2022-07-30,MFP iOS calorie adjustment,Cardio,53.0,1,,,,3252,
2022-07-31,MFP iOS calorie adjustment,Cardio,-24.0,1,,,,1084,
2022-07-31,"Swimming, leisurely, general",Cardio,158.7,15,,,,,
2022-08-01,MFP iOS calorie adjustment,Cardio,122.0,1,,,,5910,
2022-08-02,Gym Workout,Cardio,634.0,60,,,,,
2022-08-02,MFP iOS calorie adjustment,Cardio,-100.0,1,,,,2461,
2022-08-03,"Aerobics, low impact",Cardio,115.0,12,,,,,
2022-08-03,Gym Workout,Cardio,634.7,60,,,,,
2022-08-03,Gym Workout,Cardio,511.0,46,,,,,
2022-08-03,MFP iOS calorie adjustment,Cardio,-242.0,1,,,,1419,
2022-08-04,MFP iOS calorie adjustment,Cardio,39.0,1,,,,2505,
2022-08-05,MFP iOS calorie adjustment,Cardio,115.0,1,,,,4290,
2022-08-06,MFP iOS calorie adjustment,Cardio,88.0,1,,,,4274,
2022-08-07,MFP iOS calorie adjustment,Cardio,29.0,1,,,,1576,
2022-08-08,Gym Workout,Cardio,576.0,50,,,,,
2022-08-08,MFP iOS calorie adjustment,Cardio,-4.0,1,,,,4059,
2022-08-09,Gym Workout,Cardio,577.0,50,,,,,
2022-08-09,MFP iOS calorie adjustment,Cardio,-75.0,1,,,,1989,
2022-08-10,Gym Workout,Cardio,519.3,45,,,,,
2022-08-10,MFP iOS calorie adjustment,Cardio,-3.0,1,,,,4256,
2022-08-11,MFP iOS calorie adjustment,Cardio,19.0,1,,,,1091,
2022-08-12,Gym Workout,Cardio,515.4,45,,,,,
2022-08-12,MFP iOS calorie adjustment,Cardio,58.0,1,,,,6666,
2022-08-13,"Aerobics, low impact",Cardio,143.0,15,,,,,
2022-08-13,MFP iOS calorie adjustment,Cardio,-89.0,1,,,,2673,
2022-08-13,"Swimming, leisurely, general",Cardio,516.0,45,,,,,
2022-08-14,MFP iOS calorie adjustment,Cardio,28.0,1,,,,1814,
2022-08-15,Gym Workout,Cardio,497.0,41,,,,,
2022-08-15,MFP iOS calorie adjustment,Cardio,-74.0,1,,,,1301,
2022-08-16,Gym Workout,Cardio,579.0,50,,,,,
2022-08-16,MFP iOS calorie adjustment,Cardio,-93.0,1,,,,1326,
2022-08-17,MFP iOS calorie adjustment,Cardio,74.0,1,,,,3026,
2022-08-18,Gym Workout,Cardio,578.3,50,,,,,
2022-08-18,MFP iOS calorie adjustment,Cardio,-94.0,1,,,,1334,
2022-08-19,Gym Workout,Cardio,579.0,50,,,,,
2022-08-19,MFP iOS calorie adjustment,Cardio,-82.0,1,,,,1547,
2022-08-20,MFP iOS calorie adjustment,Cardio,64.0,1,,,,3083,
2022-08-21,MFP iOS calorie adjustment,Cardio,12.0,1,,,,838,
2022-08-22,Gym Workout,Cardio,589.0,50,,,,,
2022-08-22,MFP iOS calorie adjustment,Cardio,-37.0,1,,,,4082,
2022-08-23,Gym Workout,Cardio,589.2,50,,,,,
2022-08-23,MFP iOS calorie adjustment,Cardio,-57.0,1,,,,3246,
2022-08-24,MFP iOS calorie adjustment,Cardio,105.0,1,,,,3979,
2022-08-25,Gym Workout,Cardio,624.0,50,,,,,
2022-08-25,MFP iOS calorie adjustment,Cardio,-77.0,1,,,,1885,
2022-08-26,MFP iOS calorie adjustment,Cardio,16.0,1,,,,952,
2022-08-27,MFP iOS calorie adjustment,Cardio,73.0,1,,,,3854,
2022-08-28,MFP iOS calorie adjustment,Cardio,61.0,1,,,,2716,
2022-08-29,Gym Workout,Cardio,705.2,60,,,,,
2022-08-29,MFP iOS calorie adjustment,Cardio,-80.0,1,,,,3469,
2022-08-30,Gym Workout,Cardio,587.0,50,,,,,
2022-08-30,MFP iOS calorie adjustment,Cardio,-68.0,1,,,,1935,
2022-08-31,Gym Workout,Cardio,234.0,20,,,,,
2022-08-31,MFP iOS calorie adjustment,Cardio,-15.0,1,,,,1494,
2022-09-01,"Canoeing, rowing, >6 mph, vigorous effort",Cardio,92.0,4,,,,,
2022-09-01,Gym Workout,Cardio,694.0,60,,,,,
2022-09-01,MFP iOS calorie adjustment,Cardio,-103.0,1,,,,1621,
2022-09-02,Gym Workout,Cardio,647.0,53,,,,,
2022-09-02,MFP iOS calorie adjustment,Cardio,-50.0,1,,,,3110,
2022-09-03,MFP iOS calorie adjustment,Cardio,131.0,1,,,,5275,
2022-09-04,MFP iOS calorie adjustment,Cardio,21.0,1,,,,945,
2022-09-05,MFP iOS calorie adjustment,Cardio,93.0,1,,,,3567,
2022-09-06,Gym Workout,Cardio,831.0,67,,,,,
2022-09-06,MFP iOS calorie adjustment,Cardio,-102.0,1,,,,2161,
2022-09-07,MFP iOS calorie adjustment,Cardio,31.0,1,,,,1663,
2022-09-08,Gym Workout,Cardio,871.0,75,,,,,
2022-09-08,MFP iOS calorie adjustment,Cardio,-134.0,1,,,,1092,
2022-09-09,Gym Workout,Cardio,714.0,58,,,,,
2022-09-09,MFP iOS calorie adjustment,Cardio,-99.0,1,,,,1137,
2022-09-10,MFP iOS calorie adjustment,Cardio,2.0,1,,,,171,
2022-09-11,MFP iOS calorie adjustment,Cardio,4.0,1,,,,321,
2022-09-12,MFP iOS calorie adjustment,Cardio,26.0,1,,,,1515,
2022-09-13,Gym Workout,Cardio,581.0,50,,,,,
2022-09-13,MFP iOS calorie adjustment,Cardio,-16.0,1,,,,3786,
2022-09-14,MFP iOS calorie adjustment,Cardio,14.0,1,,,,1046,
2022-09-15,Gym Workout,Cardio,611.0,50,,,,,
2022-09-15,MFP iOS calorie adjustment,Cardio,-69.0,1,,,,1592,
2022-09-16,MFP iOS calorie adjustment,Cardio,90.0,1,,,,3403,
2022-09-17,MFP iOS calorie adjustment,Cardio,58.0,1,,,,3146,
2022-09-18,MFP iOS calorie adjustment,Cardio,9.0,1,,,,670,
2022-09-19,MFP iOS calorie adjustment,Cardio,8.0,1,,,,528,
2022-09-20,Gym Workout,Cardio,625.0,51,,,,,
2022-09-20,MFP iOS calorie adjustment,Cardio,-75.0,1,,,,1613,
2022-09-21,MFP iOS calorie adjustment,Cardio,16.0,1,,,,897,
2022-09-22,MFP iOS calorie adjustment,Cardio,5.0,1,,,,614,
2022-09-23,MFP iOS calorie adjustment,Cardio,42.0,1,,,,3781,
2022-09-24,MFP iOS calorie adjustment,Cardio,0.0,1,,,,96,
2022-09-25,MFP iOS calorie adjustment,Cardio,12.0,1,,,,848,
2022-09-26,MFP iOS calorie adjustment,Cardio,9.0,1,,,,730,
2022-09-27,MFP iOS calorie adjustment,Cardio,121.0,1,,,,5276,
2022-09-28,MFP iOS calorie adjustment,Cardio,12.0,1,,,,634,
2022-09-29,MFP iOS calorie adjustment,Cardio,24.0,1,,,,1989,
2022-09-30,MFP iOS calorie adjustment,Cardio,4.0,1,,,,316,
2022-10-01,MFP iOS calorie adjustment,Cardio,13.0,1,,,,917,
2022-10-02,MFP iOS calorie adjustment,Cardio,29.0,1,,,,1529,
2022-10-03,MFP iOS calorie adjustment,Cardio,26.0,1,,,,1466,
2022-10-04,Gym Workout,Cardio,430.0,35,,,,,
2022-10-04,MFP iOS calorie adjustment,Cardio,-28.0,1,,,,1805,
2022-10-05,MFP iOS calorie adjustment,Cardio,8.0,1,,,,676,
2022-10-06,Gym Workout,Cardio,581.0,50,,,,,
2022-10-06,MFP iOS calorie adjustment,Cardio,-90.0,1,,,,925,
2022-10-07,MFP iOS calorie adjustment,Cardio,135.0,1,,,,6828,
2022-10-08,MFP iOS calorie adjustment,Cardio,333.0,1,,,,14151,
2022-10-09,MFP iOS calorie adjustment,Cardio,434.0,1,,,,16508,
2022-10-10,MFP iOS calorie adjustment,Cardio,59.0,1,,,,2324,
2022-10-11,MFP iOS calorie adjustment,Cardio,28.0,1,,,,1904,
2022-10-12,MFP iOS calorie adjustment,Cardio,29.0,1,,,,1619,
2022-10-13,Gym Workout,Cardio,581.7,50,,,,,
2022-10-13,MFP iOS calorie adjustment,Cardio,-16.0,1,,,,3597,
2022-10-14,MFP iOS calorie adjustment,Cardio,21.0,1,,,,1432,
2022-10-15,MFP iOS calorie adjustment,Cardio,3.0,1,,,,571,
2022-10-16,MFP iOS calorie adjustment,Cardio,8.0,1,,,,578,
2022-10-17,Gym Workout,Cardio,443.0,36,,,,,
2022-10-17,MFP iOS calorie adjustment,Cardio,-2.0,1,,,,3014,
2022-10-18,MFP iOS calorie adjustment,Cardio,8.0,1,,,,769,
2022-10-19,MFP iOS calorie adjustment,Cardio,40.0,1,,,,2207,
2022-10-20,Gym Workout,Cardio,581.7,50,,,,,
2022-10-20,MFP iOS calorie adjustment,Cardio,-70.0,1,,,,2240,
2022-10-21,Gym Workout,Cardio,581.7,50,,,,,
2022-10-21,MFP iOS calorie adjustment,Cardio,-78.0,1,,,,1398,
2022-10-22,MFP iOS calorie adjustment,Cardio,43.0,1,,,,2192,
2022-10-23,MFP iOS calorie adjustment,Cardio,14.0,1,,,,1205,
2022-10-24,Gym Workout,Cardio,581.7,50,,,,,
2022-10-24,MFP iOS calorie adjustment,Cardio,-47.0,1,,,,2980,
2022-10-25,Gym Workout,Cardio,581.7,50,,,,,
2022-10-25,MFP iOS calorie adjustment,Cardio,-59.0,1,,,,2199,
2022-10-26,MFP iOS calorie adjustment,Cardio,41.0,1,,,,2002,
2022-10-27,Gym Workout,Cardio,581.7,50,,,,,
2022-10-27,MFP iOS calorie adjustment,Cardio,-80.0,1,,,,1029,
2022-10-28,MFP iOS calorie adjustment,Cardio,67.0,1,,,,2909,
2022-10-29,MFP iOS calorie adjustment,Cardio,24.0,1,,,,1436,
2022-10-30,MFP iOS calorie adjustment,Cardio,1.0,1,,,,132,
2022-10-31,Gym Workout,Cardio,581.0,50,,,,,
2022-10-31,MFP iOS calorie adjustment,Cardio,-83.0,1,,,,1138,
2022-11-01,MFP iOS calorie adjustment,Cardio,5.0,1,,,,393,
2022-11-07,MFP iOS calorie adjustment,Cardio,23.0,1,,,,1598,
2022-11-08,MFP iOS calorie adjustment,Cardio,5.0,1,,,,1387,
2022-11-09,MFP iOS calorie adjustment,Cardio,0.0,1,,,,684,
2022-11-10,MFP iOS calorie adjustment,Cardio,0.0,1,,,,352,
2022-11-11,MFP iOS calorie adjustment,Cardio,4.0,1,,,,808,
2022-11-12,MFP iOS calorie adjustment,Cardio,1.0,1,,,,87,
2022-11-13,MFP iOS calorie adjustment,Cardio,99.0,1,,,,3920,
2022-11-14,MFP iOS calorie adjustment,Cardio,16.0,1,,,,1284,
2022-12-09,MFP iOS calorie adjustment,Cardio,9.0,1,,,,1749,
2022-12-11,MFP iOS calorie adjustment,Cardio,0.0,1,,,,622,
2022-12-12,MFP iOS calorie adjustment,Cardio,5.0,1,,,,1358,
2022-12-13,MFP iOS calorie adjustment,Cardio,15.0,1,,,,1416,
2022-12-14,MFP iOS calorie adjustment,Cardio,1.0,1,,,,225,
2022-12-15,MFP iOS calorie adjustment,Cardio,14.0,1,,,,691,
2022-12-16,MFP iOS calorie adjustment,Cardio,10.0,1,,,,1384,
2022-12-17,MFP iOS calorie adjustment,Cardio,19.0,1,,,,2700,
2022-12-18,MFP iOS calorie adjustment,Cardio,83.0,1,,,,4621,
2022-12-19,MFP iOS calorie adjustment,Cardio,4.0,1,,,,336,
2022-12-20,MFP iOS calorie adjustment,Cardio,9.0,1,,,,1093,
2022-12-21,MFP iOS calorie adjustment,Cardio,14.0,1,,,,892,
2022-12-22,MFP iOS calorie adjustment,Cardio,51.0,1,,,,2272,
2023-01-08,MFP iOS calorie adjustment,Cardio,0.0,1,,,,54,
2023-01-09,MFP iOS calorie adjustment,Cardio,5.0,1,,,,926,
2023-01-10,MFP iOS calorie adjustment,Cardio,0.0,1,,,,1829,
2023-01-11,MFP iOS calorie adjustment,Cardio,4.0,1,,,,1211,
2023-01-12,MFP iOS calorie adjustment,Cardio,6.0,1,,,,1452,
2023-01-13,MFP iOS calorie adjustment,Cardio,16.0,1,,,,1357,
2023-01-14,MFP iOS calorie adjustment,Cardio,8.0,1,,,,436,
2023-01-15,MFP iOS calorie adjustment,Cardio,0.0,1,,,,94,
2023-01-16,Apple Health App Workout,Cardio,706.6,76,,,,,
2023-01-16,MFP iOS calorie adjustment,Cardio,-131.0,1,,,,1399,
2023-03-14,MFP iOS calorie adjustment,Cardio,0.0,1,,,,315,
2023-03-15,MFP iOS calorie adjustment,Cardio,0.0,1,,,,400,
2023-03-16,MFP iOS calorie adjustment,Cardio,11.0,1,,,,1307,
2023-03-17,MFP iOS calorie adjustment,Cardio,23.0,1,,,,2103,
2023-03-18,MFP iOS calorie adjustment,Cardio,26.0,1,,,,1350,
2023-03-19,MFP iOS calorie adjustment,Cardio,53.0,1,,,,3180,
2023-03-20,MFP iOS calorie adjustment,Cardio,21.0,1,,,,1286,
2023-03-21,MFP iOS calorie adjustment,Cardio,130.0,1,,,,5218,
